"基金代號","基金簡稱","基金類型","基金中文名稱","基金英文名稱","標的指數/追蹤指數名稱","標的指數是否為客製化或需揭露相關資訊之指數","股票及債券投資比例說明","是否設有績效指標","績效指標中文名稱","績效指標英文名稱","是否包含國外成分股","基金統一編號","成立日期","上市日期","基金經理人","經理公司總機","經理公司地址","經理公司董事長","經理公司發言人","經理公司總經理","經理公司代理發言人","總代理人","發行單位數/轉換數","保管機構","保管機構電話","保管機構地址","備註",
="0050",="元大台灣50","國內成分證券指數股票型基金","元大台灣卓越50證券投資信託基金","Yuanta/P-shares Taiwan Top 50 ETF","臺灣50指數","否","不適用","不適用","不適用","不適用","否","98764389","092/06/25","092/06/30","陳重銓","(02)27175555","臺北市松山區敦化南路1段66號1樓、4樓、5樓及68號2樓之1","劉宗聖","陳沛宇","陳沛宇","林瑞源","","      2,222,000,000","臺灣集中保管結算所股份有限公司","(02)27195805","台北市復興北路363號11樓","",
="0051",="元大中型100","國內成分證券指數股票型基金","元大台灣中型100證券投資信託基金","Yuanta/P-shares Taiwan Mid-Cap 100 ETF","臺灣中型100指數","否","不適用","不適用","不適用","不適用","否","48772770","095/08/24","095/08/31","邱鉦淵","(02)27175555","臺北市松山區敦化南路1段66號1樓、4樓、5樓及68號2樓之1","劉宗聖","陳沛宇","陳沛宇","林瑞源","","         24,000,000","臺灣集中保管結算所股份有限公司","(02)27195805","台北市復興北路363號11樓","",
="0052",="富邦科技","國內成分證券指數股票型基金","富邦台灣科技指數證券投資信託基金","Fubon Taiwan Technology Tracker Fund","臺灣資訊科技指數","否","不適用","不適用","不適用","不適用","否","48790067","095/08/28","095/09/12","紀元豪","(02)8771-6688","台北市敦化南路一段108號8樓","黃昭棠","黃昭棠","林欣怡","林欣怡","富邦證券投資信託股份有限公司","         78,000,000","富邦證券投資信託股份有限公司","(02)8771-6688","台北市敦化南路一段108號8樓","",
="0053",="元大電子","國內成分證券指數股票型基金","元大台灣ETF傘型證券投資信託基金之電子科技證券投資信託基金","Yuanta/P-shares Taiwan Electronics Tech ETF","電子類加權股價指數","否","不適用","不適用","不適用","不適用","否","48903196","096/07/04","096/07/16","蔡宗勳","(02)27175555","臺北市松山區敦化南路1段66號1樓、4樓、5樓及68號2樓之1","劉宗聖","陳沛宇","陳沛宇","林瑞源","","          5,488,000","臺灣集中保管結算所股份有限公司","(02)27195805","台北市復興北路363號11樓","",
="0054",="元大台商50","國內成分證券指數股票型基金","元大台灣ETF傘型證券投資信託基金之台商收成證券投資信託基金","Yuanta/P-shares S&P Custom China Play 50 ETF","S&P台商收成指數","","不適用","不適用","不適用","不適用","否","48903180","096/07/04","096/07/16","陳威志","(02)27175555","臺北市大安區敦化南路二段67號地下一層","劉宗聖","陳沛宇","陳沛宇","林瑞源","","          4,124,000","臺灣集中保管結算所股份有限公司","(02)27195805","台北市復興北路363號11樓","",
="0055",="元大MSCI金融","國內成分證券指數股票型基金","元大台灣ETF傘型證券投資信託基金之金融證券投資信託基金","Yuanta/P-shares MSCI Taiwan Financials ETF","MSCI台灣金融指數","否","不適用","不適用","不適用","不適用","否","48903175","096/07/04","096/07/16","程惇亞","(02)27175555","臺北市松山區敦化南路1段66號1樓、4樓、5樓及68號2樓之1","劉宗聖","陳沛宇","陳沛宇","林瑞源","","         72,654,000","臺灣集中保管結算所股份有限公司","(02)27195805","台北市復興北路363號11樓","",
="0056",="元大高股息","國內成分證券指數股票型基金","元大台灣高股息證券投資信託基金","Yuanta/P-shares Taiwan Dividend Plus ETF","臺灣高股息指數","否","不適用","不適用","不適用","不適用","否","48966213","096/12/13","096/12/26","陳威志","(02)27175555","臺北市松山區敦化南路1段66號1樓、4樓、5樓及68號2樓之1","劉宗聖","陳沛宇","陳沛宇","林瑞源","","     10,435,534,000","臺灣集中保管結算所股份有限公司","(02)27195805","台北市復興北路363號11樓","",
="0057",="富邦摩台","國內成分證券指數股票型基金","富邦台灣ETF傘型證券投資信託基金之富邦台灣摩根指數股票型證券投資信託基金","FUBON MSCI  TAIWAN ETF","MSCI臺灣指數","否","不適用","不適用","不適用","不適用","否","48975156","097/02/14","097/02/27","陳又又吉","(02)8771-6688","台北市敦化南路一段108號8樓","黃昭棠","黃昭棠","林欣怡","林欣怡","富邦證券投資信託股份有限公司","          1,527,000","富邦證券投資信託股份有限公司","(02)8771-6688","台北市敦化南路一段108號8樓","",
="0058",="富邦發達","國內成分證券指數股票型基金","富邦台灣ETF傘型證券投資信託基金之富邦台灣發達指數股票型證券投資信託基金","FUBON TAIWAN EIGHT INDUSTRIES ETF","臺灣發達指數","","不適用","不適用","不適用","不適用","否","48977083","097/02/14","097/02/27","簡伯容","(02)8771-6688","台北市敦化南路一段108號8樓","胡德興","胡德興","李明州","李明州","","            696,000","富邦證券投資信託股份有限公司","(02)8771-6688","台北市敦化南路一段108號8樓","",
="0059",="富邦金融","國內成分證券指數股票型基金","富邦台灣ETF傘型證券投資信託基金之富邦台灣金融指數股票型證券投資信託基金","FUBON TAIWAN FINANCE  ETF","金融保險類股指數","","不適用","不適用","不適用","不適用","否","48975162","097/02/14","097/02/27","楊貽甯","(02)8771-6688","台北市敦化南路一段108號8樓","胡德興","胡德興","李明州","李明州","","            973,000","富邦證券投資信託股份有限公司","(02)8771-6688","台北市敦化南路一段108號8樓","",
="0060",="新台灣","國內成分證券指數股票型基金","元大新台灣證券投資信託基金","Yuanta/P-shares TWSE Taiwan Non－Tech 50 ETF","未含電子股50指數","","不適用","不適用","不適用","不適用","否","10342511","097/08/06","097/08/18","謝宜蓁","(02)27175555","台北市敦化南路一段66號5~6樓、68號2樓之1","林武田","劉宗聖","劉宗聖","張浴澤","","          1,153,000","臺灣集中保管結算所股份有限公司","(02)27195805","台北市復興北路363號11樓","",
="0061",="元大寶滬深","連結式證券指數股票型基金","元大標智滬深300證券投資信託基金","W.I.S.E. Yuanta/P-shares CSI 300 ETF","滬深300指數","否","不適用","不適用","不適用","不適用","是","25610486","098/08/04","098/08/17","張克豪","(02)27175555","臺北市松山區敦化南路1段66號1樓、4樓、5樓及68號2樓之1","劉宗聖","陳沛宇","陳沛宇","林瑞源","","        153,116,000","臺灣集中保管結算所股份有限公司","(02)27195805","台北市復興北路363號11樓","",
="006203",="元大MSCI台灣","國內成分證券指數股票型基金","元大摩臺證券投資信託基金","Yuanta/ P-shares MSCI Taiwan ETF","MSCI&#174;臺灣指數","否","不適用","不適用","不適用","不適用","否","26306553","100/04/21","100/05/12","李政剛","(02)27175555","臺北市松山區敦化南路1段66號1樓、4樓、5樓及68號2樓之1","劉宗聖","陳沛宇","陳沛宇","林瑞源","","         10,218,000","臺灣集中保管結算所股份有限公司","(02)27195805","台北市復興北路363號11樓","",
="006204",="永豐臺灣加權","國內成分證券指數股票型基金","永豐臺灣加權ETF證券投資信託基金","Sinopac TAIEX ETF","臺灣證券交易所發行量加權股價指數","否","不適用","不適用","不適用","不適用","否","26332314","100/09/06","100/09/28","陳鎮平","(02)2361-8110","100台北市博愛路17號13樓","陳思寬","陳傳毅","濮樂偉","王麗君","","          1,500,000","永豐證券投資信託股份有限公司","(02)2361-8110","100台北市博愛路17號13樓","",
="006205",="富邦上証","國外成分證券指數股票型基金","富邦上証180證券投資信託基金","Fubon SSE180 ETF","上証180指數","否","不適用","不適用","不適用","不適用","是","26334740","100/08/30","100/09/26","陳仲愷","(02)8771-6688","台北市敦化南路一段108號8樓","黃昭棠","黃昭棠","林欣怡","林欣怡","富邦證券投資信託股份有限公司","        158,772,000","富邦證券投資信託股份有限公司","(02)8771-6688","台北市敦化南路一段108號8樓","",
="006206",="元大上證50","國外成分證券指數股票型基金","元大中國傘型證券投資信託基金之上證50證券投資信託基金","Yuanta/P-shares SSE50 ETF","上證50指數","否","不適用","不適用","不適用","不適用","是","31830488","101/04/25","101/05/11","李舒禾","(02)27175555","臺北市松山區敦化南路1段66號1樓、4樓、5樓及68號2樓之1","劉宗聖","陳沛宇","陳沛宇","林瑞源","","         45,278,000","臺灣集中保管結算所股份有限公司","(02)27195805","台北市復興北路363號11樓","",
="006207",="復華滬深","國外成分證券指數股票型基金","復華滬深300 A股證券投資信託基金","Fuh Hwa CSI 300 A Shares Exchange Traded Fund","滬深300指數","否","不適用","不適用","不適用","不適用","是","31835478","101/06/05","101/06/22","廖崇文","(02)8161-6800","台北市八德路二段308號8樓","杜俊雄","張偉智","張偉智","無","","         33,892,000","臺灣集中保管結算所股份有限公司","(02)2719-5805","台北市復興北路363號11樓","",
="006208",="富邦台50","國內成分證券指數股票型基金","富邦台灣釆吉50 證券投資信託基金","Fubon FTSE TWSE Taiwan 50 ETF","臺灣50指數","否","不適用","不適用","不適用","不適用","否","31840182","101/06/22","101/07/17","洪珮甄","(02)8771-6688","台北市敦化南路一段108號8樓","黃昭棠","黃昭棠","林欣怡","林欣怡","富邦證券投資信託股份有限公司","      1,650,040,000","富邦證券投資信託股份有限公司","(02)8771-6688","台北市敦化南路一段108號8樓","",
="00625K",="富邦上証+R","國外成份/加掛外幣證券指數股票型基金","富邦上証180證券投資信託基金-加掛人民幣ETF受益憑證-國外成份/加掛外幣證券指數股票型基金","FUBON SSE 180 ETF RMB","上証180指數","否","不適用","不適用","不適用","不適用","是","26334740","105/08/08","105/08/08","陳仲愷","(02)8771-6688","台北市敦化南路一段108號8樓","黃昭棠","黃昭棠","林欣怡","林欣怡","富邦證券投資信託股份有限公司","            333,000","富邦證券投資信託股份有限公司","(02)8771-6688","台北市敦化南路一段108號8樓","",
="00631L",="元大台灣50正2","槓桿/反向指數股票型基金","元大ETF傘型證券投資信託基金之台灣50單日正向2倍證券投資信託基金","Yuanta Daily Taiwan 50 Bull 2X ETF","臺灣50指數","否","不適用","不適用","不適用","不適用","否","38619904","103/10/23","103/10/31","曾逸江","(02)27175555","臺北市松山區敦化南路1段66號1樓、4樓、5樓及68號2樓之1","劉宗聖","陳沛宇","陳沛宇","林瑞源","","        134,584,000","臺灣集中保管結算所股份有限公司","(02)27195805","臺北市復興北路363號11樓","",
="00632R",="元大台灣50反1","槓桿/反向指數股票型基金","元大ETF傘型證券投資信託基金之台灣50單日反向1倍證券投資信託基金","Yuanta Daily Taiwan 50 Bear -1X ETF","臺灣50指數","否","不適用","不適用","不適用","不適用","否","38619910","103/10/23","103/10/31","陳威志","(02)27175555","臺北市松山區敦化南路1段66號1樓、4樓、5樓及68號2樓之1","劉宗聖","陳沛宇","陳沛宇","林瑞源","","      1,109,707,730","臺灣集中保管結算所股份有限公司","(02)27195805","臺北市復興北路363號11樓","",
="00633L",="富邦上証正2","槓桿/反向指數股票型基金","富邦中國ETF傘型證券投資信託基金之富邦上証180單日正向兩倍證券投資信託基金","Fubon SSE 180 Leveraged 2X Index ETF","上証180兩倍槓桿指數","否","不適用","不適用","不適用","不適用","是","38633011","103/11/11","103/11/25","洪珮甄","(02)8771-6688","台北市敦化南路一段108號8樓","黃昭棠","黃昭棠","林欣怡","林欣怡","富邦證券投資信託股份有限公司","        296,458,000","富邦證券投資信託股份有限公司","(02)8771-6688","台北市敦化南路一段108號8樓","",
="00634R",="富邦上証反1","槓桿/反向指數股票型基金","富邦中國ETF傘型證券投資信託基金之富邦上証180單日反向一倍證券投資信託基金","Fubon SSE 180 Inversed Index ETF","上証180反向指數","否","不適用","不適用","不適用","不適用","是","38633027","103/11/11","103/11/25","溫芳儀","(02)8771-6688","台北市敦化南路一段108號8樓","黃昭棠","黃昭棠","林欣怡","林欣怡","富邦證券投資信託股份有限公司","         48,256,000","富邦證券投資信託股份有限公司","(02)8771-6688","台北市敦化南路一段108號8樓","",
="00635U",="期元大S&amp;P黃金(原名：元大S&amp;P黃金)","指數股票型期貨信託基金","元大標普高盛黃金ER指數股票型期貨信託基金","Yuanta S&P GSCI Gold ER Futures ETF","標普高盛黃金ER指數","否","不適用","不適用","不適用","不適用","是","38651191","104/04/01","104/04/15","洪佑銘","02-27175555","臺北市松山區敦化南路1段66號1樓、4樓、5樓及68號2樓之1","劉宗聖","陳沛宇","陳沛宇","林瑞源","","         44,514,000","臺灣集中保管結算所股份有限公司","(02)27195805","台北市復興北路363號11樓","",
="00636",="國泰中國A50","國外成分證券指數股票型基金","國泰富時中國A50證券投資信託基金","Cathay FTSE China A50 ETF","富時中國A50指數","否","不適用","不適用","不適用","不適用","是","42260528","104/03/20","104/04/01","鄭立誠","0227008399","台北市大安區敦化南路2段39號6樓","張錫","吳惠君","張雍川","張永輝","國泰證券投資信託股份有限公司","        198,446,000","台灣集中保管結算所股份有限公司","0227195805","台北市復興北路363號11樓","",
="00636K",="國泰富時中國A50+U","國外成份/加掛外幣證券指數股票型基金","國泰富時中國A50證券投資信託基金(加掛美元受益憑證)-國外成份/加掛外幣證券指數股票型基金","Cathay FTSE China A50 ETF","富時中國A50指數","否","不適用","不適用","不適用","不適用","是","42260528","106/10/24","106/10/24","鄭立誠","0227008399","台北市大安區敦化南路2段39號6樓","張錫","吳惠君","張雍川","張永輝","國泰證券投資信託股份有限","             62,100","台灣集中保管結算所股份有限公司","0227195805","台北市復興北路363號11樓","",
="00637L",="元大滬深300正2","槓桿/反向指數股票型基金","元大滬深300傘型證券投資信託基金之滬深300單日正向2倍證券投資信託基金","Yuanta Daily CSI300 Bull 2X ETF","滬深300日報酬正向兩倍指數","否","不適用","不適用","不適用","不適用","是","42300253","104/05/06","104/05/18","李舒禾","02-27175555","臺北市松山區敦化南路1段66號1樓、4樓、5樓及68號2樓之1","劉宗聖","陳沛宇","陳沛宇","林瑞源","","      2,154,106,000","臺灣集中保管結算所股份有限公司","(02)27195805","台北市復興北路363號11樓","",
="00638R",="元大滬深300反1","槓桿/反向指數股票型基金","元大滬深300傘型證券投資信託基金之滬深300單日反向1倍證券投資信託基金","Yuanta Daily CSI 300 Bear -1X ETF","滬深300日報酬反向一倍指數","否","不適用","不適用","不適用","不適用","是","42300232","104/05/06","104/05/18","張克豪","02-27175555","臺北市松山區敦化南路1段66號1樓、4樓、5樓及68號2樓之1","劉宗聖","陳沛宇","陳沛宇","林瑞源","","         35,948,000","臺灣集中保管結算所股份有限公司","(02)27195805","台北市復興北路363號11樓","",
="00639",="富邦深100","國外成分證券指數股票型基金","富邦深証100證券投資信託基金","Fubon SZSE 100 ETF","深証100指數","否","不適用","不適用","不適用","不適用","是","42302273","104/05/20","104/06/09","溫芳儀","(02)8771-6688","台北市敦化南路一段108號8樓","黃昭棠","黃昭棠","林欣怡","林欣怡","富邦證券投資信託股份有限公司","        246,403,000","富邦證券投資信託股份有限公司","(02)8771-6688","台北市敦化南路一段108號8樓","",
="00640L",="富邦日本正2","槓桿/反向指數股票型基金","富邦日本ETF傘型證券投資信託基金之富邦日本東証單日正向兩倍證券投資信託基金","Fubon TOPIX Leveraged 2X Index ETF","東証正向二倍指數","否","不適用","不適用","不適用","不適用","是","42319561","104/08/27","104/09/10","陳仲愷","(02)8771-6688","台北市敦化南路一段108號8樓","黃昭棠","黃昭棠","林欣怡","林欣怡","富邦證券投資信託股份有限公司","         17,919,000","富邦證券投資信託股份有限公司","(02)8771-6688","台北市敦化南路一段108號8樓","",
="00641R",="富邦日本反1","槓桿/反向指數股票型基金","富邦日本ETF傘型證券投資信託基金之富邦日本東証單日反向一倍證券投資信託基金","Fubon TOPIX Inverse-1X Index ETF","東証反向一倍指數","否","不適用","不適用","不適用","不適用","是","42319582","104/08/27","104/09/10","王素珍","(02)8771-6688","台北市敦化南路一段108號8樓","黃昭棠","黃昭棠","林欣怡","林欣怡","富邦證券投資信託股份有限公司","         55,758,000","富邦證券投資信託股份有限公司","(02)8771-6688","台北市敦化南路一段108號8樓","",
="00642U",="期元大S&amp;P石油(原名：元大S&amp;P石油)","指數股票型期貨信託基金","元大標普高盛原油ER指數股票型期貨信託基金","Yuanta S&P GSCI Crude Oil ER Futures ETF","標普高盛原油增強超額回報指數","否","不適用","不適用","不適用","不適用","是","42320363","104/08/27","104/09/07","黃議玄","02-27175555","臺北市松山區敦化南路1段66號1樓、4樓、5樓及68號2樓之1","劉宗聖","陳沛宇","陳沛宇","林瑞源","","        114,321,000","臺灣集中保管結算所股份有限公司","(02)27195805","台北市復興北路363號11樓","",
="00643",="群益深証中小","國外成分證券指數股票型基金","群益深証中小１００證券投資信託基金","CAPITAL SZSE SME １００ INDEX EXCHANGE TRADED FUND","中小企業１００指數","否","不適用","不適用","不適用","不適用","是","42323777","104/11/12","104/12/02","張菁惠","(02)27067688","台北市大安區敦化南路二段69號15樓","賴政昇","林慧玟","陳明輝","無","無","        116,200,000","群益證券投資信託股份有限公司","(02)27067688","台北市大安區敦化南路二段69號15樓","",
="00643K",="群益深証中小+R","國外成份/加掛外幣證券指數股票型基金","群益深証中小１００證券投資信託基金加掛—人民幣ETF受益憑證-國外成份/加掛外幣證券指數股票型基金","CAPITAL SZSE SME １００ INDEX EXCHANGE TRADED FUND","中小企業１００指數","否","不適用","不適用","不適用","不適用","是","42323777","104/11/12","105/08/26","張菁蕙","(02)27067688","臺北市大安區敦化南路二段69號15樓","賴政昇","林慧玟","陳明輝","無","無","            127,000","群益證券投資信託股份有限公司","(02)27067688","臺北市大安區敦化南路二段69號15樓","",
="00645",="富邦日本","國外成分證券指數股票型基金","富邦日本東証證券投資信託基金","Fubon TOPIX ETF","東證股價指數","否","不適用","不適用","不適用","不適用","是","42328908","104/10/28","104/11/06","謝恩雅","(02)8771-6688","台北市敦化南路一段108號8樓","黃昭棠","黃昭棠","林欣怡","林欣怡","富邦證券投資信託股份有限公司","         80,997,000","富邦證券投資信託股份有限公司","(02)8771-6688","台北市敦化南路一段108號8樓","",
="00646",="元大S&amp;P500","國外成分證券指數股票型基金","元大標普500傘型證券投資信託基金之標普500證券投資信託基金","Yuanta S&P 500 ETF","標普500指數","否","不適用","不適用","不適用","不適用","是","42333613","104/12/02","104/12/14","盧永祥","02-27175555","臺北市松山區敦化南路1段66號1樓、4樓、5樓及68號2樓之1","劉宗聖","陳沛宇","陳沛宇","林瑞源","","        501,985,000","臺灣集中保管結算所股份有限公司","(02)27195805","台北市復興北路363號11樓","",
="00647L",="元大S&amp;P500正2","槓桿/反向指數股票型基金","元大標普500傘型證券投資信託基金之標普500單日正向2倍證券投資信託基金","Yuanta Daily S&P 500 Bull 2X ETF","標普500 2倍槓桿指數","否","不適用","不適用","不適用","不適用","是","42333579","104/12/02","104/12/14","李政剛","02-27175555","臺北市松山區敦化南路1段66號1樓、4樓、5樓及68號2樓之1","劉宗聖","陳沛宇","陳沛宇","林瑞源","","         10,916,000","臺灣集中保管結算所股份有限公司","02-27195805","台北市復興北路363號11樓","",
="00648R",="元大S&amp;P500反1","槓桿/反向指數股票型基金","元大標普500傘型證券投資信託基金之標普500單日反向1倍證券投資信託基金","Yuanta Daily S&P 500 Bear 1X ETF","標普500反向指數","否","不適用","不適用","不適用","不適用","是","42333563","104/12/02","104/12/14","方雅婷","02-27175555","臺北市松山區敦化南路1段66號1樓、4樓、5樓及68號2樓之1","劉宗聖","陳沛宇","陳沛宇","林瑞源","","        152,688,000","臺灣集中保管結算所股份有限公司","02-27195805","台北市復興北路363號11樓","",
="00649",="FH香港","國外成分證券指數股票型基金","復華香港ETF傘型證券投資信託基金之復華琤芤狳擏賳磭H託基金","Fuh Hwa Hang Seng ETF","琤肏數","","不適用","不適用","不適用","不適用","是","42329884","105/01/13","105/01/27","劉妙惠","(02)8161-6800","台北市八德路二段308號8樓","杜俊雄","周輝啟","周輝啟","無","","          4,272,000","臺灣集中保管結算所股份有限公司","(02)2719-5805","台北市復興北路363號11樓","",
="00650L",="復華香港正2","槓桿/反向指數股票型基金","復華香港ETF傘型證券投資信託基金之復華琤苀璊擖縝V二倍證券投資信託基金","Fuh Hwa Daily Hang Seng Leveraged 2X ETF","瓻槓桿指數","否","不適用","不適用","不適用","不適用","是","42329863","105/01/13","105/01/27","廖崇文","(02)8161-6800","台北市八德路二段308號8樓","杜俊雄","張偉智","張偉智","無","","        376,338,000","臺灣集中保管結算所股份有限公司","(02)2719-5805","台北市復興北路363號11樓","",
="00651R",="復華香港反1","槓桿/反向指數股票型基金","復華香港ETF傘型證券投資信託基金之復華琤苀璊擗浀V一倍證券投資信託基金","Fuh Hwa Daily Hang Seng Inversed ETF","瓻短倉指數","否","不適用","不適用","不適用","不適用","是","42329879","105/01/13","105/01/27","廖崇文","(02)8161-6800","台北市八德路二段308號8樓","杜俊雄","張偉智","張偉智","無","","         29,192,000","臺灣集中保管結算所股份有限公司","(02)2719-5805","台北市復興北路363號11樓","",
="00652",="富邦印度","國外成分證券指數股票型基金","富邦印度ETF傘型證券投資信託基金之富邦印度NIFTY證券投資信託基金","Fubon NIFTY ETF","NIFTY指數","否","不適用","不適用","不適用","不適用","是","42376963","105/03/16","105/03/29","蘇筱婷","(02)8771-6688","台北市敦化南路一段108號8樓","史綱","史綱","林欣怡","林欣怡","富邦證券投資信託股份有限公司","         97,535,000","富邦證券投資信託股份有限公司","(02)8771-6688","台北市敦化南路一段108號8樓","",
="00653L",="富邦印度正2","槓桿/反向指數股票型基金","富邦印度ETF傘型證券投資信託基金之富邦印度NIFTY單日正向兩倍證券投資信託基金","Fubon NIFTY 2X Leveraged Index ETF","NIFTY正向2倍指數","否","不適用","不適用","不適用","不適用","是","42376990","105/03/16","105/03/29","黃煜翔","(02)8771-6688","台北市敦化南路一段108號8樓","史綱","史綱","林欣怡","林欣怡","富邦證券投資信託股份有限公司","         19,903,000","富邦證券投資信託股份有限公司","(02)8771-6688","台北市敦化南路一段108號8樓","",
="00654R",="富邦印度反1","槓桿/反向指數股票型基金","富邦印度ETF傘型證券投資信託基金之富邦印度NIFTY單日反向一倍證券投資信託基金","Fubon NIFTY -1 Inverse Index ETF","NIFTY反向1倍指數","否","不適用","不適用","不適用","不適用","是","42376984","105/03/16","105/03/29","王辰方","(02)8771-6688","台北市敦化南路一段108號8樓","史綱","史綱","林欣怡","林欣怡","富邦證券投資信託股份有限公司","         21,466,000","富邦證券投資信託股份有限公司","(02)8771-6688","台北市敦化南路一段108號8樓","",
="00655L",="國泰中國A50正2","槓桿/反向指數股票型基金","國泰A50傘型證券投資信託基金之富時中國A50單日正向2倍證券投資信託基金","Cathay FTSE China A50 Daily Leveraged 2X ETF","富時中國A50兩倍槓桿指數","否","不適用","不適用","不適用","不適用","是","42385148","105/03/08","105/03/18","游日傑","0227008399","台北市大安區敦化南路二段39號6樓","張錫","吳惠君","張雍川","張永輝","國泰證券投資信託股份有限公司","        156,958,000","台灣集中保管結算所股份有限公司","0227195805","台北市復興北路363號11樓","",
="00656R",="國泰中國A50反1","槓桿/反向指數股票型基金","國泰A50傘型證券投資信託基金之富時中國A50單日反向1倍證券投資信託基金","Cathay FTSE China A50 Daily Inversed  ETF","富時中國A50反向指數","否","不適用","不適用","不適用","不適用","是","42385127","105/03/08","105/03/18","楊子慧","0227008399","台北市大安區敦化南路二段39號6樓","張錫","吳惠君","張雍川","張永輝","國泰證券投資信託股份有限公司","         23,857,000","台灣集中保管結算所股份有限公司","0227195805","台北市復興北路363號11樓","",
="00657",="國泰日經225","國外成分證券指數股票型基金","國泰日本ETF傘型證券投資信託基金之日經225證券投資信託基金","Cathay Nikkei 225 Currency-hedged ETF Fund","日經225","否","不適用","不適用","不適用","不適用","是","42389475","105/04/25","105/05/09","游日傑","0227008399","台北市大安區敦化南路二段39號6樓","張錫","吳惠君","張雍川","張永輝","國泰證券投資信託股份有限公司","          9,613,000","台灣集中保管結算所股份有限公司","0227195805","台北市復興北路363號11樓","",
="00657K",="國泰日經225+U","國外成份/加掛外幣證券指數股票型基金","國泰日經225證券投資信託基金(加掛美元受益憑證)-國外成份/加掛外幣證券指數股票型基金","Cathay Nikkei 225 Currency-hedged ETF Fund(USD)","日經225","否","不適用","不適用","不適用","不適用","是","42389475","106/10/24","106/10/24","游日傑","0227008399","台北市大安區敦化南路二段39號6樓","張錫","吳惠君","張雍川","張永輝","國泰證券投資信託股份有限公司","             29,900","台灣集中保管結算所股份有限公司","0227195805","台北市復興北路363號11樓","",
="00658L",="國泰日本正2","槓桿/反向指數股票型基金","國泰日本ETF傘型證券投資信託基金之富時日本單日正向2倍證券投資信託基金","Cathay FTSE Japan Daily Leveraged 2X ETF Fund","富時日本單日正向2倍指數","否","不適用","不適用","不適用","不適用","是","42389496","105/04/25","105/05/09","游日傑","0227008399","台北市大安區敦化南路二段39號6樓","張錫","吳惠君","張雍川","張永輝","國泰證券投資信託股份有限公司","            845,000","台灣集中保管結算所股份有限公司","0227195805","台北市復興北路363號11樓","",
="00659R",="國泰日本反1","槓桿/反向指數股票型基金","國泰日本ETF傘型證券投資信託基金之富時日本單日反向1倍證券投資信託基金","Cathay FTSE Japan Daily Inversed ETF Fund","富時日本單日反向1倍指數","否","不適用","不適用","不適用","不適用","是","42389480","105/04/25","105/05/09","游日傑","0227008399","台北市大安區敦化南路二段39號6樓","張錫","吳惠君","張雍川","張永輝","國泰證券投資信託股份有限公司","          3,080,000","台灣集中保管結算所股份有限公司","0227195805","台北市復興北路363號11樓","",
="00660",="元大歐洲50","國外成分證券指數股票型基金","元大已開發國家傘型證券投資信託基金之元大歐洲50證券投資信託基金","Yuanta EURO STOXX 50 ETF","歐洲 STOXX50 指數","否","不適用","不適用","不適用","不適用","是","42398684","105/06/01","105/06/15","許家瑋","02-27175555","臺北市松山區敦化南路1段66號1樓、4樓、5樓及68號2樓之1","劉宗聖","陳沛宇","陳沛宇","林瑞源","","          7,031,000","臺灣集中保管結算所股份有限公司","(02)27195805","台北市復興北路363號11樓","",
="00661",="元大日經225","國外成分證券指數股票型基金","元大已開發國家傘型證券投資信託基金之元大日經225證券投資信託基金","Yuanta Nikkei 225 ETF","日經225指數","否","不適用","不適用","不適用","不適用","是","42398663","105/06/01","105/06/15","盧永祥","02-27175555","臺北市松山區敦化南路1段66號1樓、4樓、5樓及68號2樓之1","劉宗聖","陳沛宇","陳沛宇","林瑞源","","         28,425,000","臺灣集中保管結算所股份有限公司","(02)27195805","台北市復興北路363號11樓","",
="00662",="富邦NASDAQ","國外成分證券指數股票型基金","富邦NASDAQ-100證券投資信託基金","Fubon  NASDAQ-100  ETF","NASDAQ-100 指數","否","不適用","不適用","不適用","不適用","是","42399305","105/06/03","105/06/17","王辰方","(02)8771-6688","台北市敦化南路一段108號8樓","史綱","史綱","林欣怡","林欣怡","富邦證券投資信託股份有限公司","        517,029,000","富邦證券投資信託股份有限公司","(02)8771-6688","台北市敦化南路一段108號8樓","",
="00663L",="國泰臺灣加權正2","槓桿/反向指數股票型基金","國泰臺指ETF傘型證券投資信託基金之臺灣加權指數單日正向2倍證券投資信託基金","Cathay TAIEX Daily Leveraged 2X ETF Fund","臺灣證券交易所發行量加權股價日報酬正向兩倍指數","否","不適用","不適用","不適用","不適用","否","42404264","105/07/01","105/07/14","游日傑","0227008399","台北市大安區敦化南路二段39號6樓","張錫","吳惠君","張雍川","張永輝","國泰證券投資信託股份有限公司","          1,309,000","台灣集中保管結算所託股份有限公","0227195805","台北市復興北路363號11樓","",
="00664R",="國泰臺灣加權反1","槓桿/反向指數股票型基金","國泰臺指ETF傘型證券投資信託基金之臺灣加權指數單日反向1倍證券投資信託基金","Cathay TAIEX Daily Inversed ETF","臺灣證券交易所發行量加權股價日報酬反向一倍指數","否","不適用","不適用","不適用","不適用","否","42404258","105/07/01","105/07/14","游日傑","0227008399","台北市大安區敦化南路二段39號6樓","張錫","吳惠君","張雍川","張永輝","國泰證券投資信託股份有限公司","        600,575,000","台灣集中保管結算所股份有限公司","0227195805","台北市復興北路363號11樓","",
="00665L",="富邦琤肭磪囓2","槓桿/反向指數股票型基金","富邦琤肭磪贙TF傘型證券投資信託基金之富邦琤肭磪瓥璊擖縝V兩倍證券投資信託基金","Fubon Hang Seng China Enterprises Leveraged Index ETF","琤肭磪羉b桿指數","否","不適用","不適用","不適用","不適用","是","42404573","105/07/21","105/08/05","黃煜翔","(02)8771-6688","台北市敦化南路一段108號8樓","黃昭棠","黃昭棠","林欣怡","林欣怡","富邦證券投資信託股份有限公司","        880,465,000","富邦證券投資信託股份有限公司","(02)8771-6688","台北市敦化南路一段108號8樓","",
="00666R",="富邦琤肭磪齯1","槓桿/反向指數股票型基金","富邦琤肭磪贙TF傘型證券投資信託基金之富邦琤肭磪瓥璊擗浀V一倍證券投資信託基金","Fubon Hang Seng China Enterprises Inverse Index ETF","琤肭磪礸u倉指數","否","不適用","不適用","不適用","不適用","是","42404567","105/07/21","105/08/05","陳又又吉","(02)8771-6688","台北市敦化南路一段108號8樓","黃昭棠","黃昭棠","林欣怡","林欣怡","富邦證券投資信託股份有限公司","          9,124,000","富邦證券投資信託股份有限公司","(02)8771-6688","台北市敦化南路一段108號8樓","",
="00667",="元大韓國","國外成分證券指數股票型基金","元大韓國KOSPI 200證券投資信託基金","Yuanta KOSPI 200 ETF","KOSPI 200指數","","不適用","不適用","不適用","不適用","是","42441583","105/09/30","105/10/07","李孟霞","(02)27175555","台北市中山區南京東路三段219號11樓","黃古彬","劉宗聖","劉宗聖","黃昭棠","","            929,000","臺灣集中保管結算所股份有限公司","(02)27195805","台北市復興北路363號11樓","",
="00668",="國泰美國道瓊","國外成分證券指數股票型基金","國泰美國ETF傘型證券投資信託基金之道瓊工業平均指數證券投資信託基金","Cathay DJIA ETF","道瓊斯工業平均指數","否","不適用","不適用","不適用","不適用","是","42443225","105/10/03","105/10/17","張家璇","0227008399","台北市大安區敦化南路二段39號6樓","張錫","吳惠君","張雍川","張永輝","國泰證券投資信託股份有限公司","         15,058,000","台灣集中保管結算所股份有限公司","0227195805","台北市復興北路363號11樓","",
="00668K",="國泰美國道瓊+U","國外成份/加掛外幣證券指數股票型基金","國泰道瓊工業平均指數證券投資信託基金(加掛美元受益憑證)-國外成份/加掛外幣證券指數股票型基金","Cathay Dow Jones Industrial Average ETF(USD)","道瓊斯工業平均指數","否","不適用","不適用","不適用","不適用","是","42443225","106/10/24","106/10/24","張家璇","0227008399","台北市大安區敦化南路二段39號6樓","張錫","吳惠君","張雍川","張永輝","國泰證券投資信託股份有限公司","             10,500","台灣集中保管結算所股份有限公司","0227195805","台北市復興北路363號11樓","",
="00669R",="國泰美國道瓊反1","槓桿/反向指數股票型基金","國泰美國ETF傘型證券投資信託基金之道瓊工業平均指數單日反向1倍證券投資信託基金","Cathay DJIA Inv 1X ETF","道瓊斯工業平均單日反向指數","否","不適用","不適用","不適用","不適用","是","42443203","105/10/03","105/10/17","游日傑","0227008399","台北市大安區敦化南路二段39號6樓","張錫","吳惠君","張雍川","張永輝","國泰證券投資信託股份有限公司","        211,617,000","台灣集中保管結算所股份有限公司","0227195805","台北市復興北路363號11樓","",
="00670L",="富邦NASDAQ正2","槓桿/反向指數股票型基金","富邦NASDAQ-100 ETF 傘型證券投資信託基金之富邦NASDAQ-100單日正向兩倍證券投資信託基金","Fubon NASDAQ-100  2X Leveraged Index ETF","NASDAQ-100正向2倍指數","否","不適用","不適用","不適用","不適用","是","42441710","106/02/14","106/02/21","陳婉寧","(02)8771-6688","台北市敦化南路一段108號8樓","史綱","史綱","林欣怡","林欣怡","富邦證券投資信託股份有限公司","         59,145,000","富邦證券投資信託股份有限公司","(02)8771-6688","台北市敦化南路一段108號8樓","",
="00671R",="富邦NASDAQ 反1","槓桿/反向指數股票型基金","富邦NASDAQ-100 ETF傘型證券投資信託基金之富邦NASDAQ-100 單日反向一倍證券投資信託基金","Fubon NASDAQ-100 -1X  Inverse Index ETF","NASDAQ-100反向1倍指數","否","不適用","不適用","不適用","不適用","是","42441704","105/02/14","106/02/21","蘇筱婷","(02)8771-6688","台北市敦化南路一段108號8樓","史綱","史綱","林欣怡","林欣怡","富邦證券投資信託股份有限公司","        409,384,000","富邦證券投資信託股份有限公司","(02)8771-6688","台北市敦化南路一段108號8樓","",
="00672L",="元大S&amp;P原油正2","槓桿/反向指數股票型基金","元大標普油金傘型期貨信託基金之元大標普高盛原油ER單日正向2倍指數股票型期貨信託基金","Yuanta S&P GSCI Crude Oil 2x Leveraged ER Futures ETF","標普高盛原油日報酬正向兩倍ER指數","","不適用","不適用","不適用","不適用","是","42451147","105/09/30","105/10/07","曾士育","02-27175555","臺北市大安區敦化南路二段67號地下一層","劉宗聖","謝忠賢","謝忠賢","林瑞源","","      2,036,187,000","臺灣集中保管結算所股份有限公司","02-27195805","台北市復興北路363號11樓","",
="00673R",="期元大S&amp;P原油反1(原名：元大S&amp;P原油反1)","槓桿/反向指數股票型基金","元大標普油金傘型期貨信託基金之元大標普高盛原油ER單日反向1倍指數股票型期貨信託基金","Yuanta S&P GSCI Crude Oil 1x Inverse ER Futures ETF","標普高盛原油日報酬反向一倍ER指數","否","不適用","不適用","不適用","不適用","是","42451152","105/09/30","105/10/07","洪佑銘","02-27175555","臺北市松山區敦化南路1段66號1樓、4樓、5樓及68號2樓之1","劉宗聖","陳沛宇","陳沛宇","林瑞源","","        769,703,000","臺灣集中保管結算所股份有限公司","02-27195805","台北市復興北路363號11樓","",
="00674R",="期元大S&amp;P黃金反1(原名：元大S&amp;P黃金反1)","槓桿/反向指數股票型基金","元大標普油金傘型期貨信託基金之元大標普高盛黃金ER單日反向1倍指數股票型期貨信託基金","Yuanta S&P GSCI Gold 1x Inverse ER FuturesETF","標普高盛黃金日報酬反向一倍ER指數","否","不適用","不適用","不適用","不適用","是","42451168","105/09/30","105/10/07","陳易廷","02-27175555","臺北市松山區敦化南路1段66號1樓、4樓、5樓及68號2樓之1","劉宗聖","陳沛宇","陳沛宇","林瑞源","","         48,603,000","臺灣集中保管結算所股份有限公司","02-27195805","台北市復興北路363號11樓","",
="00675L",="FB臺灣加權正2","槓桿/反向指數股票型基金","富邦臺灣加權ETF傘型證券投資信託基金之富邦臺灣加權單日正向兩倍證券投資信託基金","Fubon TAIEX Daily 2X  Leveraged ETF","臺灣證券交易所發行量加權股價日報酬正向兩倍指數","否","不適用","不適用","不適用","不適用","否","42450837","105/09/23","105/10/05","陳婉寧","02-8771-6688","台北市敦化南路一段108號8樓","黃昭棠","黃昭棠","林欣怡","林欣怡","富邦證券投資信託股份有限公司","        145,286,000","富邦證券投資信託股份有限公司","02-8771-6688","台北市敦化南路一段108號8樓","",
="00676R",="富邦臺灣加權反1","槓桿/反向指數股票型基金","富邦臺灣加權ETF傘型證券投資信託基金之富邦臺灣加權單日反向一倍證券投資信託基金","Fubon TAIEX Daily-1X Inverse ETF","臺灣證券交易所發行量加權股價日報酬反向一倍指數","否","不適用","不適用","不適用","不適用","否","42450843","105/09/23","105/10/05","陳仲愷","(02)8771-6688","台北市敦化南路一段108號8樓","黃昭棠","黃昭棠","林欣怡","林欣怡","富邦證券投資信託股份有限公司","        536,511,000","富邦證券投資信託股份有限公司","(02)8771-6688","台北市敦化南路一段108號8樓","",
="00677U",="期富邦VIX","指數股票型期貨信託基金","富邦標普500波動率短期期貨ER指數股票型期貨信託基金","Fubon S&P 500 VIX  Short-Term Futures ETF","標普500波動率短期期貨ER指數","","不適用","不適用","不適用","不適用","是","42460390","105/12/22","105/12/30","楊邦珩","(02)8771-6688","台北市敦化南路一段108號8樓","史綱","史綱","李明州","李明州","富邦投信","      1,486,708,000","富邦證券投資信託股份有限公司","(02)8771-6688","台北市敦化南路一段108號8樓","",
="00678",="群益那斯達克生技","國外成分證券指數股票型基金","群益那斯達克生技證券投資信託基金","CAPITAL NASDAQ BIOTECHNOLOGY INDEX EXCHANGE","那斯達克生技指數(NBI)","否","不適用","不適用","不適用","不適用","是","42465424","106/01/09","106/01/16","曾盈甄","(02)27067688","台北市大安區敦化南路二段69號15樓","賴政昇","林慧玟","陳明輝","無","無","          7,448,000","群益證券投資信託股份有限公司","(02)27067688","台北市大安區敦化南路二段69號15樓","",
="00680L",="元大美債20正2","槓桿/反向指數股票型基金","元大美國政府20年期(以上)債券ETF傘型證券投資信託基金之元大美國政府20年期(以上)債券單日正向2倍證券投資信託基金","Yuanta Daily U.S. Treasury 20+ Year Bond Bull 2X ETF","ICE美國政府20+年期債券2倍槓桿指數","否","不適用","不適用","不適用","不適用","是","42461567","106/01/11","106/01/17","陳柏彰","02-27175555","臺北市松山區敦化南路1段66號1樓、4樓、5樓及68號2樓之1","劉宗聖","陳沛宇","陳沛宇","林瑞源","","      4,480,076,000","臺灣集中保管結算所股份有限公司","(02)27195805","台北市復興北路363號11樓","",
="00681R",="元大美債20反1","槓桿/反向指數股票型基金","元大美國政府20年期(以上)債券ETF傘型證券投資信託基金之元大美國政府20年期(以上)債券單日反向1倍證券投資信託基金","Yuanta Daily U.S. Treasury 20+ Year Bond Bear 1X ETF","ICE美國政府20+年期債券1倍反向指數","否","不適用","不適用","不適用","不適用","是","42461588","106/01/11","106/01/17","李政儒","02-27175555","臺北市松山區敦化南路1段66號1樓、4樓、5樓及68號2樓之1","劉宗聖","陳沛宇","陳沛宇","林瑞源","","         13,094,000","臺灣集中保管結算所股份有限公司","(02)27195805","台北市復興北路363號11樓","",
="00682U",="期元大美元指數(原名：元大美元指數)","指數股票型期貨信託基金","元大標普美元指數傘型期貨信託基金之元大標普美元ER指數股票型期貨信託基金","Yuanta S&P US Dollar ER Futures ETF","標普美元ER指數","否","不適用","不適用","不適用","不適用","是","42469717","106/03/06","106/03/14","黃議玄","02-27175555","臺北市松山區敦化南路1段66號1樓、4樓、5樓及68號2樓之1","劉宗聖","陳沛宇","陳沛宇","林瑞源","","          6,144,000","臺灣集中保管結算所股份有限公司","02-27195805","臺北市復興北路363號11樓","",
="00683L",="期元大美元指正2(原名：元大美元指數正2)","槓桿/反向指數股票型基金","元大標普美元指數傘型期貨信託基金之元大標普美元ER單日正向2倍指數股票型期貨信託基金","Yuanta S&P US Dollar 2x Leverage ER Futures ETF","標普美元日報酬正向兩倍ER指數","否","不適用","不適用","不適用","不適用","是","42469738","106/03/06","106/03/14","陳易廷","02-27175555","臺北市松山區敦化南路1段66號1樓、4樓、5樓及68號2樓之1","劉宗聖","陳沛宇","陳沛宇","林瑞源","","         12,934,000","臺灣集中保管結算所股份有限公司","02-27195805","臺北市復興北路363號11樓","",
="00684R",="期元大美元指反1(原名：元大美元指數反1)","槓桿/反向指數股票型基金","元大標普美元指數傘型期貨信託基金之元大標普美元ER單日反向1倍指數股票型期貨信託基金","Yuanta S&P US Dollar 1x Inverse ER Futures ETF","標普美元日報酬反向一倍ER指數","否","不適用","不適用","不適用","不適用","是","42469723","106/03/06","106/03/14","潘昶安","02-27175555","臺北市松山區敦化南路1段66號1樓、4樓、5樓及68號2樓之1","劉宗聖","陳沛宇","陳沛宇","林瑞源","","          7,688,000","臺灣集中保管結算所股份有限公司","02-27195805","臺北市復興北路363號11樓","",
="00685L",="群益臺灣加權正2","槓桿/反向指數股票型基金","群益臺灣加權指數ETF傘型證券投資信託基金之群益臺灣加權指數單日正向2倍證券投資信託基金","CAPITAL TAIEX DAILY LEVERAGED 2X ETF","臺灣證券交易所發行量加權股價日報酬正向兩倍指數","否","不適用","不適用","不適用","不適用","否","42481276","106/03/23","106/03/30","洪祥益","(02)27067688","台北市大安區敦化南路二段69號15樓","賴政昇","林慧玟","陳明輝","無","無","         23,139,000","群益證券投資信託股份有限公司","(02)27067688","台北市大安區敦化南路二段69號15樓","",
="00686R",="群益臺灣加權反1","槓桿/反向指數股票型基金","群益臺灣加權指數ETF傘型證券投資信託基金之群益臺灣加權指數單日反向1倍證券投資信託基金","CAPITAL TAIEX DAILY INVERSED -1X ETF","臺灣證券交易所發行量加權股價日報酬反向一倍指數","否","不適用","不適用","不適用","不適用","否","42481260","106/03/23","106/03/30","洪祥益","(02)27067688","台北市大安區敦化南路二段69號15樓","賴政昇","林慧玟","陳明輝","無","無","         77,276,000","群益證券投資信託股份有限公司","(02)27067688","台北市大安區敦化南路二段69號15樓","",
="00688L",="國泰20年美債正2","槓桿/反向指數股票型基金","國泰美國債券ETF傘型證券投資信託基金之20年期(以上)美國公債指數單日正向2倍證券投資信託基金","Cathay US Treasury 20+ YR Lev 2X ETF","彭博20年期(以上)美國公債單日正向2倍指數","否","不適用","不適用","不適用","不適用","是","42482747","106/04/06","106/04/13","游日傑","0227008399","台北市大安區敦化南路二段39號6樓","張錫","吳惠君","張雍川","張永輝","國泰證券投資信託股份有限公司","      2,030,615,000","台灣集中保管結算所股份有限公司","0227195805","台北市復興北路363號11樓","",
="00689R",="國泰20年美債反1","槓桿/反向指數股票型基金","國泰美國債券ETF傘型證券投資信託基金之20年期(以上)美國公債指數單日反向1倍證券投資信託基金","Cathay US Treasury 20+ YR Inv 1X ETF","彭博20年期(以上)美國公債單日反向1倍指數","否","不適用","不適用","不適用","不適用","是","42482731","106/04/06","106/04/13","游日傑","0227008399","台北市大安區敦化南路二段39號6樓","張錫","吳惠君","張雍川","張永輝","國泰證券投資信託股份有限公司","         11,389,000","台灣集中保管結算所股份有限公司","0227195805","台北市復興北路363號11樓","",
="00690",="兆豐藍籌30","國內成分證券指數股票型基金","兆豐臺灣藍籌30ETF傘型證券投資信託基金之兆豐臺灣藍籌30 ETF證券投資信託基金","Mega Taiwan Blue Chip 30 ETF","藍籌30指數","否","不適用","不適用","不適用","不適用","否","42482107","106/03/27","106/03/31","吳朋鴻","(02)21758388","台北市松山區復興北路167號17樓","陳佩君","黃大川","NA","NA","無","         79,330,000","兆豐國際證券投資信託股份有限公","(02)21758388","台北市松山區復興北路167號17樓","",
="00691R",="兆豐藍籌反一","槓桿/反向指數股票型基金","兆豐國際臺灣藍籌30ETF傘型證券投資信託基金之兆豐國際臺灣藍籌30單日反向一倍ETF證券投資信託基金","Mega Taiwan Blue Chip 30 Daily Inverse ETF","藍籌30反向一倍指數","否","不適用","不適用","不適用","不適用","否","42482113","106/03/27","106/03/31","吳朋鴻　","(02)21758388","台北市松山區復興北路167號17樓","程聰仁","陳駿賢","陳駿賢","陳佩君","無","          2,106,000","兆豐國際證券投資信託股份有限公","(02)21758388","台北市松山區復興北路167號17樓","",
="00692",="富邦公司治理","國內成分證券指數股票型基金","富邦臺灣公司治理100證券投資信託基金","Fubon TWSE Corporate Governance 100 ETF","臺灣證券交易所公司治理100指數","否","不適用","不適用","不適用","不適用","否","42482423","106/05/04","106/05/17","溫芳儀","(02)8771-6688","台北市敦化南路一段108號8樓","黃昭棠","黃昭棠","林欣怡","林欣怡","富邦證券投資信託股份有限公司","        693,280,000","富邦證券投資信託股份有限公司","(02)8771-6688","台北市敦化南路一段108號8樓","",
="00693U",="期街口S&amp;P黃豆","指數股票型期貨信託基金","街口標普高盛黃豆ER指數股票型期貨信託基金","JKO S&P GSCI Soybeans ER Futures ETF","標普高盛黃豆ER指數(S&P GSCI Soybeans ER Index)","否","不適用","不適用","不適用","不適用","是","42484858","106/04/17","106/04/25","鍾元怡","(02)2750-5555","10666臺北市大安區市民大道三段206號9樓","方詳棋","王皓正","王皓正","N/A","","         36,666,000","臺灣集中保管結算所股份有限公司","(02)2719-5805","臺北市復興北路363號11樓","",
="00698L",="元大美債7-10正2","槓桿/反向指數股票型基金","元大美國政府7至10年期債券ETF傘型證券投資信託基金之元大美國政府7至10年期債券單日正向2倍證券投資信託基金","Yuanta Daily U.S. Treasury 7-10 Year Bond Bull 2X ETF","ICE美國政府7-10年期債券2倍槓桿指數","","不適用","不適用","不適用","不適用","是","42469759","106/06/15","106/06/23","周宜縉","(02)27175555","台北市中山區南京東路三段219號11樓","黃古彬","劉宗聖","劉宗聖","黃昭棠","","          1,149,000","臺灣集中保管結算所股份有限公司","(02)27195805","台北市復興北路363號11樓","",
="00699R",="元大美債7-10反1","槓桿/反向指數股票型基金","元大美國政府7至10年期債券ETF傘型證券投資信託基金之元大美國政府7至10年期債券單日反向1倍證券投資信託基金","Yuanta Daily U.S. Treasury 7-10 Year Bond Bear 1X ETF","ICE美國政府7-10年期債券1倍反向指數","","不適用","不適用","不適用","不適用","是","42469765","106/06/15","106/06/23","周宜縉","(02)27175555","台北市中山區南京東路三段219號11樓","黃古彬","劉宗聖","劉宗聖","黃昭棠","","            714,000","臺灣集中保管結算所股份有限公司","(02)27195805","台北市復興北路363號11樓","",
="00700",="富邦琤肭磪","國外成分證券指數股票型基金","富邦琤肭磪贙TF證券投資信託基金","Fubon Hang Seng China Enterprises  ETF","琤秅什磪禶~指數","否","不適用","不適用","不適用","不適用","是","42464918","106/07/21","106/07/28","陳婉寧","(02)8771-6688","台北市敦化南路一段108號8樓","黃昭棠","黃昭棠","林欣怡","林欣怡","富邦證券投資信託股份有限公司","         57,983,000","富邦證券投資信託股份有限公司","(02)8771-6688","台北市敦化南路一段108號8樓","",
="00701",="國泰股利精選30(原名：國泰臺灣低波動30)","國內成分證券指數股票型基金","國泰低波動ETF傘型證券投資信託基金之臺灣低波動股利精選30證券投資信託基金","Cathay TIP TAIEX +Low Volatility Select 30 ETF","臺灣指數公司低波動精選30指數","否","不適用","不適用","不適用","不適用","否","42530591","106/08/09","106/08/17","游日傑","0227008399","台北市大安區敦化南路二段39號6樓","張錫","吳惠君","張雍川","張永輝","國泰投信","        184,891,000","台灣集中保管結算所股份有限公司","0227195805","台北市復興北路363號11樓","",
="00702",="國泰標普低波高息","國外成分證券指數股票型基金","國泰低波動ETF傘型證券投資信託基金之美國標普500低波動高股息證券投資信託基金","Cathay S&P 500 Low Volatility High","標普500低波動高股息指數","否","不適用","不適用","不適用","不適用","是","42530608","106/08/09","106/08/17","鄭立誠","0227008399","台北市大安區敦化南路二段39號6樓","張錫","吳惠君","張雍川","張永輝","國泰證券投資信託股份有限公司","          6,188,000","台灣集中保管結算所股份有限公司","0227195805","台北市復興北路363號11樓","",
="00703",="台新MSCI中國","國外成分證券指數股票型基金","台新MSCI新興市場國家傘型ETF證券投資信託基金之台新MSCI中國證券投資信託基金","Taishin MSCI China ETF","MSCI中國指數","否","不適用","不適用","不適用","不適用","是","42528997","106/08/02","106/08/10","葉正淳","2501-3838","台北市中山區德惠街9-1號1樓","鄭貞茂","葉柱均","葉柱均","NA","NA","         14,550,000","台灣集中保管結算所股份有限公司","27195805","台北市復興北路363號11樓","",
="00704L",="台新MSCI台灣正2","槓桿/反向指數股票型基金","台新MSCI新興市場國家傘型ETF證券投資信託基金之台新MSCI台灣單日正向2倍證券投資信託基金","Taishin MSCI Taiwan Daily Leveraged 2X ETF","MSCI台灣正向2倍指數","","不適用","不適用","不適用","不適用","否","42528976","106/08/02","106/08/10","王嘉豪","2501-1000","台北市中山區建國北路一段96號13樓","吳火生","閰正宇","閰正宇","NA","NA","          1,378,000","台新證券投資信託股份有限公司","2501-1000","台北市中山區建國北路一段96號13樓","",
="00705R",="台新MSCI台灣反1","槓桿/反向指數股票型基金","台新MSCI新興市場國家傘型ETF證券投資信託基金之台新MSCI台灣單日反向1倍證券投資信託基金","Taishin MSCI Taiwan Daily Inverse ETF","MSCI台灣反向1倍指數","","不適用","不適用","不適用","不適用","否","42528960","106/08/02","106/08/10","葉松炫","2501-1000","台北市中山區建國北路一段96號13樓","吳火生","閻正宇","閻正宇","NA","NA","          1,815,000","台新證券投資信託股份有限公司","2501-1000","台北市中山區建國北路一段96號13樓","",
="00706L",="期元大S&amp;P日圓正2(原名：元大S&amp;P日圓正2)","槓桿/反向指數股票型基金","元大標普金日傘型期貨信託基金之元大標普日圓ER單日正向2倍指數股票型期貨信託基金","Yuanta S&P Japanese Yen 2x Leverage ER Futures ETF","標普日圓期貨日報酬正向2倍ER指數","否","不適用","不適用","不適用","不適用","是","42529996","106/08/23","106/09/01","陳易廷","02-27175555","臺北市松山區敦化南路1段66號1樓、4樓、5樓及68號2樓之1","劉宗聖","陳沛宇","陳沛宇","林瑞源","","        922,084,000","臺灣集中保管結算所股份有限公司","02-27195805","臺北市復興北路363號11樓","",
="00707R",="期元大S&amp;P日圓反1(原名：元大S&amp;P日圓反1)","槓桿/反向指數股票型基金","元大標普金日傘型期貨信託基金之元大標普日圓ER單日反向1倍指數股票型期貨信託基金","Yuanta S&P Japanese Yen 1x Inverse ER Futures ETF","標普日圓期貨日報酬反向1倍ER指數","否","不適用","不適用","不適用","不適用","是","42529975","106/08/23","106/09/01","黃議玄","02-27175555","臺北市松山區敦化南路1段66號1樓、4樓、5樓及68號2樓之1","劉宗聖","陳沛宇","陳沛宇","林瑞源","","          6,355,000","臺灣集中保管結算所股份有限公司","02-27195805","臺北市復興北路363號11樓","",
="00708L",="期元大S&amp;P黃金正2(原名：元大S&amp;P黃金正2)","槓桿/反向指數股票型基金","元大標普金日傘型期貨信託基金之元大標普高盛黃金ER單日正向2倍指數股票型期貨信託基金","Yuanta S&P GSCI Gold 2x Leveraged ER Futures ETF","標普高盛黃金日報酬正向兩倍ER指數","否","不適用","不適用","不適用","不適用","是","42530001","106/08/23","106/09/01","潘昶安","02-27175555","臺北市松山區敦化南路1段66號1樓、4樓、5樓及68號2樓之1","劉宗聖","陳沛宇","陳沛宇","林瑞源","","         45,073,000","臺灣集中保管結算所股份有限公司","02-27195805","臺北市復興北路363號11樓","",
="00709",="富邦歐洲","國外成分證券指數股票型基金","富邦富時歐洲ETF證券投資信託基金","Fubon FTSE Developed Europe ETF","富時發展歐洲指數","否","不適用","不適用","不適用","不適用","是","42529243","106/08/07","106/08/15","陳婉寧","(02)8771-6688","台北市敦化南路一段108號8樓","史綱","史綱","林欣怡","林欣怡","富邦證券投資信託股份有限公司","          8,460,000","富邦證券投資信託股份有限公司","(02)8771-6688","台北市敦化南路一段108號8樓","",
="00710B",="復華彭博非投等債","國外成分證券指數股票型基金","復華全球收益ETF傘型證券投資信託基金之復華1至5年期非投資等級債券證券投資信託基金","Fuh Hwa 1-5 Yr High Yield ETF","彭博1至5年期美元高收益債券(不含中國)發行量五億美元產業10%上限指數","是","不適用","不適用","不適用","不適用","是","42529932","106/08/09","106/08/21","許忠成","(02)8161-6800","台北市八德路二段308號8樓","杜俊雄","張偉智","張偉智","無","","        293,761,000","臺灣集中保管結算所股份有限公司","(02)2719-5805","台北市復興北路363號11樓","",
="00711B",="復華彭博新興債","國外成分證券指數股票型基金","復華全球收益ETF傘型證券投資信託基金之復華新興市場10年期以上債券證券投資信託基金","Fuh Hwa Emerging Market 10+ Yr Bond ETF","彭博新興市場10年期以上美元投資等級債券(不含中國)國家10%上限指數","是","不適用","不適用","不適用","不適用","是","42529953","106/08/09","106/08/21","許忠成","(02)8161-6800","台北市八德路二段308號8樓","杜俊雄","張偉智","張偉智","無","","        947,261,000","臺灣集中保管結算所股份有限公司","(02)2719-5805","台北市復興北路363號11樓","",
="00712",="復華富時不動產","國外成分證券指數股票型基金","復華全球收益ETF傘型證券投資信託基金之復華富時不動產證券化證券投資信託基金","Fuh Hwa FTSE Mortgage REITs ETF","富時NAREIT抵押權型不動產投資信託指數","否","不適用","不適用","不適用","不適用","是","42529948","106/08/09","106/08/21","許忠成","(02)8161-6800","台北市八德路二段308號8樓","杜俊雄","張偉智","張偉智","無","","      3,874,011,000","臺灣集中保管結算所股份有限公司","(02)2719-5805","台北市復興北路363號11樓","",
="00713",="元大台灣高息低波","國內成分證券指數股票型基金","元大台灣高股息低波動ETF證券投資信託基金","Yuanta Taiwan High Dividend Low Volatility ETF","臺灣指數公司特選高股息低波動指數","是","不適用","不適用","不適用","不適用","否","42540916","106/09/19","106/09/27","蔡宗勳","02-27175555","臺北市松山區敦化南路1段66號1樓、4樓、5樓及68號2樓之1","劉宗聖","陳沛宇","陳沛宇","林瑞源","","      2,258,012,000","臺灣集中保管結算所股份有限公司","02-27195805","台北市復興北路363號11樓","",
="00714",="群益道瓊美國地產","國外成分證券指數股票型基金","群益道瓊美國地產ETF證券投資信託基金","CAPITAL DOW JONES U.S. REAL ESTATE  INDEX EXCHANGE TRADED FUND","道瓊美國地產指數(Dow Jones U.S. Real Estate Index)","否","不適用","不適用","不適用","不適用","是","42543131","106/10/20","106/10/27","李鈺涵","(02)27067688","台北市大安區敦化南路二段69號15樓","賴政昇","林慧玟","陳明輝","無","無","         29,067,000","群益證券投資信託股份有限公司","(02)27067688","台北市大安區敦化南路二段69號15樓","",
="00715L",="期街口布蘭特正2","槓桿/反向指數股票型基金","街口標普高盛布蘭特原油ER單日正向2倍指數股票型期貨信託基金","JKO S&P GSCI Brent Crude 2x Leveraged ER Futures ETF","標普高盛布蘭特原油日報酬正向兩倍ER指數","否","不適用","不適用","不適用","不適用","是","42546947","106/11/08","106/11/16","羅縢閎","(02)2750-5555","10666臺北市大安區市民大道三段206號9樓","方詳棋","王皓正","王皓正","N/A","","        387,384,000","臺灣集中保管結算所股份有限公司","(02)2719-5805","臺北市復興北路363號11樓","",
="00716R",="華頓S&amp;P布蘭特反1","指數股票型期貨信託基金","華頓標普高盛布蘭特原油傘型期貨信託基金之華頓標普高盛布蘭特原油ER單日反向1倍指數股票型期貨信託基金","Paradigm S&P GSCI Brent Crude 1X Inverse ER Futures ETF","標普高盛布蘭特原油日報酬反向一倍ER指數","","不適用","不適用","不適用","不適用","是","42546952","106/11/08","106/11/16","黃昇平","(02)2750-5555","10666臺北市大安區市民大道三段206號9樓","王律傑","N/A","N/A","王皓正","","            158,000","臺灣集中保管結算所股份有限公司","(02)2719-5805","臺北市復興北路363號11樓","",
="00717",="富邦美國特別股","國外成分證券指數股票型基金","富邦標普美國特別股ETF證券投資信託基金","Fubon S&P US Preferred Stock ETF","標普美國特別股指數","否","不適用","不適用","不適用","不適用","是","42546448","106/11/13","106/11/29","蘇筱婷","(02)8771-6688","台北市敦化南路一段108號8樓","史綱","史綱","林欣怡","林欣怡","富邦證券投資信託股份有限公司","        163,105,000","富邦證券投資信託股份有限公司","(02)8771-6688","台北市敦化南路一段108號8樓","",
="00728",="第一金工業30","國內成分證券指數股票型基金","第一金臺灣工業菁英30ETF傘型證券投資信託基金之第一金臺灣工業菁英30 ETF證券投資信託基金","FSITC Taiwan Industry Elite 30 ETF","臺灣工業菁英30指數","否","不適用","不適用","不適用","不適用","否","72949242","107/04/10","107/04/18","曾萬勝","02-2504-1000","台北市10477民權東路三段6號7樓","尤昭文","林雅菁","廖文偉","何芮凝","無","         48,423,000","臺灣集中保管結算所股份有限公司","02-2719-5805","&#160;台北市復興北路363號11樓","",
="00729R",="第一金工業30反一","槓桿/反向指數股票型基金","第一金臺灣工業菁英30ETF傘型證券投資信託基金之第一金臺灣工業菁英30單日反向一倍ETF證券投資信託基金","FSITC Taiwan Industry Elite 30 Daily -1X Inverse ETF","臺灣工業菁英30日報酬反向一倍指數","","不適用","不適用","不適用","不適用","否","72949221","107/04/10","107/04/18","程懷毅","(02)2504-1000","台北市10477民權東路三段6號7樓","薛淑梅","羅瑞民","陳如中","李文惠","無","            598,000","&nbsp;臺灣集中保管結算所股份有","02-27195805","&nbsp;台北市復興北路363號11樓","",
="00730",="富邦臺灣優質高息","國內成分證券指數股票型基金","富邦道瓊臺灣優質高息30ETF證券投資信託基金","Fubon Dow Jones Taiwan High-Quality Dividend 30 ETF","道瓊斯台灣優質高股息30指數","是","不適用","不適用","不適用","不適用","否","72949931","107/01/30","107/02/08","林旻致","(02)8771-6688","台北市敦化南路一段108號8樓","黃昭棠","黃昭棠","林欣怡","林欣怡","富邦證券投資信託股份有限公司","         87,544,000","富邦證券投資信託股份有限公司","(02)8771-6688","台北市敦化南路一段108號8樓","",
="00731",="復華富時高息低波","國內成分證券指數股票型基金","復華富時台灣高股息低波動證券投資信託基金","Fuh Hwa FTSE Taiwan High Div Low Vol ETF","富時台灣高股息低波動指數","否","不適用","不適用","不適用","不適用","否","72957164","107/04/12","107/04/20","劉昌祚","(02)8161-6800","台北市中山區八德路二段308號8樓","杜俊雄","張偉智","張偉智","無","","         68,100,000","台灣集中保管結算所股份有限公司","(02)2719-5805","台北市松山區復興北路363號11樓","",
="00732",="國泰RMB短期報酬","國外成分證券指數股票型基金","國泰優勢收益傘型證券投資信託基金之富時人民幣短期報酬ETF 證券投資信託基金","Cathay FTSE Chinese Government and Policy Bank Bond 0-1Year Select ETF","富時中國國債及政策性銀行債券0-1 年精選指數","","不適用","不適用","不適用","不適用","是","72958749","107/05/04","107/05/14","鄭立誠","227008399","台北市大安區敦化南路二段39號6樓","張錫","吳惠君","張雍川","張永輝","國泰證券投資信託股份有限公司","            772,000","台灣集中保管結算所股份有限公司","(02)27195805","台北市復興北路363號11樓","",
="00733",="臺灣中小A級動能50 ETF基金","國內成分證券指數股票型基金","富邦臺灣中小A級動能50 ETF證券投資信託基金","Fubon Taiwan Small-Mid Cap Alpha Momentum 50 ETF","臺灣指數公司中小型A級動能50指數","否","不適用","不適用","不適用","不適用","否","72960132","107/05/04","107/05/17","蘇筱婷","(02)8771-6688","台北市敦化南路一段108號8樓","黃昭棠","黃昭棠","林欣怡","林欣怡","富邦證券投資信託股份有限公司","        142,466,000","富邦證券投資信託股份有限公司","(02)8771-6688","台北市敦化南路一段108號8樓","",
="00735",="國泰臺韓科技","國外成分證券指數股票型基金","國泰趨勢ETF傘型證券投資信託基金之臺韓科技證券投資信託基金","Cathay Korea/Taiwan IT Premier ETF","臺韓資訊科技指數","否","不適用","不適用","不適用","不適用","是","72962758","107/05/29","107/06/11","游日傑","02-27008399","台北市大安區敦化南路二段39號6樓","張錫","吳惠君","張雍川","張永輝","國泰證券投資信託股份有限公司","         20,789,000","台灣集中保管結算所股份有限公司","02-27195805","台北市復興北路363號11樓","",
="00736",="國泰富時新興市場基金","國外成分證券指數股票型基金","國泰趨勢ETF傘型證券投資信託基金之富時新興市場證券投資信託基金","Cathay FTSE Emerging Markets ETF","富時新興市場（納入A股）指數","否","不適用","不適用","不適用","不適用","是","72962770","107/05/29","107/06/11","游凱卉","0227008399","台北市大安區敦化南路二段39號6樓","張錫","吳惠君","張雍川","張永輝","國泰投信","          5,227,000","台灣集中保管結算所股份有限公司","(02)27195805","台北市復興北路363號11樓","",
="00737",="國泰AI+Robo","國外成分證券指數股票型基金","國泰趨勢ETF傘型證券投資信託基金之納斯達克全球人工智慧及機器人證券投資信託基金","Cathay Nasdaq CTA Artificial Inteligence and Robotics ETF","納斯達克 CTA 全球人工智慧及機器人指數","否","不適用","不適用","不適用","不適用","是","72962743","107/05/29","107/06/11","游日傑","0227008399","台北市大安區敦化南路二段39號6樓","張錫","吳惠君","張雍川","張永輝","國泰證券投資信託股份有限公司","         20,038,000","台灣集中保管結算所股份有限公司","0227195805","台北市復興北路365號2樓","",
="00738U",="期元大道瓊白銀(原名：元大道瓊白銀)","指數股票型期貨信託基金","元大道瓊白銀ER指數股票型期貨信託基金","Yuanta DJCI Silver ER Futures ETF","道瓊白銀ER指數","否","不適用","不適用","不適用","不適用","是","72962639","107/05/23","107/06/01","潘昶安","02-27175555","臺北市松山區敦化南路1段66號1樓、4樓、5樓及68號2樓之1","劉宗聖","陳沛宇","陳沛宇","林瑞源","","         60,799,000","臺灣集中保管結算所股份有限公司","02-27195805","臺北市復興北路363號11樓","",
="00739",="元大MSCI A股","國外成分證券指數股票型基金","元大MSCI中國A股國際通ETF證券投資信託基金","Yuanta MSCI CHINA  A  ETF","MSCI中國A股國際通指數","否","不適用","不適用","不適用","不適用","是","72963026","107/06/19","107/06/27","李舒禾","02-27175555","臺北市松山區敦化南路1段66號1樓、4樓、5樓及68號2樓之1","劉宗聖","陳沛宇","陳沛宇","林瑞源","","         33,488,000","臺灣集中保管結算所股份有限公司","(02)27195805","台北市復興北路363號11樓","",
="00742",="新光內需收益","國內成分證券指數股票型基金","新光特選內需收益ETF證券投資信託基金","Shin Kong Domestic Demand High Dividend ETF","臺灣指數公司特選內需高收益指數","否","不適用","不適用","不適用","不適用","否","72964067","107/06/12","107/06/22","N/A","(02)25071123","台北市中山區南京東路二段167號11樓","劉坤錫","陳文雄","陳文雄","吳文同","","          1,610,000","臺灣集中保管結算所股份有限公司","(02)27195805","台北市復興北路363號11樓","",
="00743",="國泰中國A150","國外成分證券指數股票型基金","國泰新中國傘型證券投資信託基金之富時中國A150ETF證券投資信託基金","Cathay FTSE China A150 ETF","富時中國A150指數","","不適用","不適用","不適用","不適用","是","72969582","107/07/25","107/08/03","鄭立誠","0227008399","台北市大安區敦化南路2段39號6樓","張錫","吳惠君","張雍川","張永輝","國泰證券投資信託股份有限公司","          2,347,000","台灣集中保管結算所股份有限公司","0227195805","台北市復興北路363號11樓","",
="00752",="中信中國50","國外成分證券指數股票型基金","中國信託中國外資自由投資50不含A及B股傘型ETF證券投資信託基金之中國信託MSCI中國外資自由50不含A及B股ETF證券投資信託基金","CTBC MSCI China Free 50 ex A and B ETF","MSCI中國外資自由投資50不含A及B股指數","是","不適用","不適用","不適用","不適用","是","73680588","107/10/24","107/10/31","陳雯卿","02-2652-6688","台北市南港區經貿二路188號12樓","陳金榮","陳正華","陳正華","黃伊芃","","        398,216,000","兆豐國際商業銀行股份有限公司","02-2563-3156","臺北市中山區吉林路100號11樓","",
="00753L",="中信中國50正2","槓桿/反向指數股票型基金","中國信託中國外資自由投資50不含A及B股傘型ETF證券投資信託基金之中國信託MSCI中國外資自由投資50不含A及B股單日正向2倍ETF證券投資信託基金","CTBC MSCI China Free 50 ex A and B Daily Leveraged 2X ETF","MSCI中國外資自由投資50不含A及B股單日正向2倍指數","是","不適用","不適用","不適用","不適用","是","73680567","107/10/24","107/10/31","張嘉祐","02-2652-6688","台北市南港區經貿二路188號12樓","陳金榮","陳正華","陳正華","黃伊芃","","      1,221,657,000","台北富邦商業銀行股份有限公司","02-2718-6888","臺北市民生東路三段138號4樓","",
="00757",="統一FANG+","國外成分證券指數股票型基金","統一NYSE FANG+ ETF證券投資信託基金","UPAMC NYSE  FANG+ ETF","NYSE FANG+ Index","否","不適用","不適用","不適用","不適用","是","73692389","107/11/27","107/12/06","林良一","02-27478388","台北市東興路8號8樓","鄧潤澤","董永寬","董永寬","董永寬","","        393,994,000","統一證券投資信託股份有限公司","02-27478388","台北市東興路8號8樓","",
="00762",="元大全球AI","國外成分證券指數股票型基金","元大全球人工智慧ETF證券投資信託基金","Yuanta  STOXX  Global  Artificial Intelligence  ETF","STOXX全球人工智慧指數","否","不適用","不適用","不適用","不適用","是","73694555","108/01/16","108/01/23","方雅婷","(02)27175555","臺北市松山區敦化南路1段66號1樓、4樓、5樓及68號2樓之1","劉宗聖","陳沛宇","陳沛宇","林瑞源","","         47,248,000","臺灣集中保管結算所股份有限公司","(02)27195805","台北市復興北路363號11樓","",
="00763U",="期街口道瓊銅","指數股票型期貨信託基金","街口道瓊銅ER指數股票型期貨信託基金","JKO Dow Jones Copper ER Futures ETF","道瓊銅ER指數 (Dow Jones Commodity Index North American Copper ER)","否","不適用","不適用","不適用","不適用","是","73710513","107/12/12","107/12/19","林泳光","2750-5555","10666臺北市大安區市民大道三段206號9樓","方詳棋","王皓正","王皓正","N/A","","         31,065,000","臺灣集中保管結算所股份有限公司","(02)2719-5805","臺北市復興北路363號11樓","",
="00766L",="台新MSCI中國正2","槓桿/反向指數股票型基金","台新MSCI中國外資自由投資單日正向2倍ETF證券投資信託基金","Taishin MSCI China Free Leveraged 2X Daily ETF","MSCI中國外資自由投資單日正向2倍指數","","不適用","不適用","不適用","不適用","是","74420409","108/01/16","108/01/23","王嘉豪","2501-3838","台北市中山區德惠街9-1號1樓","吳光雄","葉柱均","葉柱均","NA","NA","          1,946,000","台灣集中保管結算所股份有限公司","27195805","台北市復興北路363號11樓","",
="00767",="FH美國金融股","國外成分證券指數股票型基金","復華多元資產傘型證券投資信託基金之復華美國金融服務業股票ETF證券投資信託基金","Fuh Hwa Dow Jones US Financial Services Equity ETF","道瓊斯美國金融服務業指數","","不適用","不適用","不適用","不適用","是","74423503","108/01/15","108/01/28","廖崇文","(02)8161-6800","台北市八德路二段308號8樓","杜俊雄","周輝啟","周輝啟","無","","          4,090,000","&nbsp;臺灣集中保管結算所股份有","(02)2719-5805","台北市復興北路363號11樓","",
="00770",="國泰標普北美科技ETF基金","國外成分證券指數股票型基金","國泰標普北美科技ETF證券投資信託基金","Cathay North American Technology ETF","標普北美科技行業指數","否","不適用","不適用","不適用","不適用","是","74702435","108/01/22","108/01/29","張家璇","0227008399","台北市大安區敦化南路二段39號6樓","張錫","吳惠君","張雍川","張永輝","國泰證券投資信託股份有限公司","         97,458,000","台灣集中保管結算所股份有限公司","0227195805","台北市復興北路363號11樓","",
="00771",="元大US高息特別股","國外成分證券指數股票型基金","元大標普美國高息特別股ETF證券投資信託基金","Yuanta S&P U.S. High Yield Preferred Stock ETF","標普美國高收益特別股指數","否","不適用","不適用","不適用","不適用","是","74705236","108/04/25","108/05/16","楊貽甯","(02)27175555","臺北市松山區敦化南路1段66號1樓、4樓、5樓及68號2樓之1","劉宗聖","陳沛宇","陳沛宇","林瑞源","","         17,725,000","臺灣集中保管結算所股份有限公司","(02)27195805","台北市復興北路363號11樓","",
="00774B",="新光中國政金綠債","國外成分證券指數股票型基金","新光全方位收益ETF傘型證券投資信託基金之新光中國10年期國債及政策金融附加綠債債券ETF 證券投資信託基金","Shin Kong 10 Years China Treasury Policy Bank Green Bond ETF","中債-10年期國債及政策銀行債綠色增強指數","否","不適用","不適用","不適用","不適用","是","74708917","108/01/25","108/02/27","王韻茹","(02)25071123","台北市中山區南京東路二段167號11樓","劉坤錫","陳文雄","陳文雄","吳文同","","          2,350,000","臺灣集中保管結算所股份有限公司","(02)27195805","台北市復興北路363號11樓","",
="00774C",="00774C","國外成份/加掛外幣證券指數股票型基金","新光全方位收益ETF傘型證券投資信託基金之新光中國10年期國債及政策金融附加綠債債券ETF證券投資信託基金-加掛人民幣ETF受益憑證-國外成份/加掛外幣證券指數股票型基金","Shin Kong 10 Years China Treasury Policy Bank Green Bond ETF RMB","中債-10年期國債及政策銀行債綠色增強指數","否","不適用","不適用","不適用","不適用","是","74708917","108/07/01","108/08/28","林怡君","(02)25071123","台北市中山區南京東路二段167號11樓","劉坤錫","陳文雄","陳文雄","吳文同","","          1,950,000","臺灣集中保管結算所股份有限公司","(02)27195805","台北市復興北路363號11樓","",
="00775B",="新光投等債15+","國外成分證券指數股票型基金","新光全方位收益ETF傘型證券投資信託基金之新光富時15年以上特選產業美元投資等級債券ETF證券投資信託基金","Shin Kong FTSE 15 Years Investment Grade USD Corporate Bond ETF","富時15年期以上投資等級債券指數","否","不適用","不適用","不適用","不適用","是","74708894","108/01/25","108/02/15","王韻茹","(02)25071123","台北市中山區南京東路二段167號11樓","劉坤錫","陳文雄","陳文雄","吳文同","","        233,600,000","臺灣集中保管結算所股份有限公司","(02)27195805","台北市復興北路363號11樓","",
="00776",="新光ICE美國權值","國外成分證券指數股票型基金","新光全方位收益ETF傘型證券投資信託基金之新光NYSE美國核心大型權值股ETF證券投資信託基金","Shin Kong NYSE US Core Large Cap ETF","NYSE 美國核心大型權值股指數","否","不適用","不適用","不適用","不適用","是","74708867","108/01/25","108/02/15","N/A","(02)25071123","台北市中山區南京東路二段167號11樓","劉坤錫","陳文雄","陳文雄","吳文同","","            100,000","臺灣集中保管結算所股份有限公司","(02)27195805","台北市復興北路363號11樓","",
="00783",="富邦中証500","國外成分證券指數股票型基金","富邦多元收益ⅡETF傘型證券投資信託基金之富邦中國中証中小500ETF證券投資信託基金","Fubon China CSI 500 Index ETF","中証小盤500指數","否","不適用","不適用","不適用","不適用","是","74721518","108/03/20","108/03/27","陳又又吉","(02)8771-6688","台北市敦化南路一段108號8樓","黃昭棠","黃昭棠","林欣怡","林欣怡","富邦證券投資信託股份有限公司","         15,031,000","富邦證券投資信託股份有限公司","(02)8771-6688","台北市敦化南路一段108號8樓","",
="0080",="琱什","境外指數股票型基金","琤洰股指數股票型基金","HANG SENG H-SHARE INDEX ETF","琤洰股指數","","不適用","不適用","不適用","不適用","是","22102255","092/11/19","098/08/14","琤竻賳篝瑊z有限公司","(02)23257888","台北市敦化南路二段99號24樓","馮孝忠","陳如中","馮孝忠","李珮瑜","匯豐中華證券投資信託股份有限公司","            500,000","匯豐中華證券投資信託股份有限公","(02)23257888","台北市敦化南路二段99號24樓","",
="0081",="畯輕","境外指數股票型基金","琤肏數股票型基金","HANG SENG INDEX ETF","琤肏數","","不適用","不適用","不適用","不適用","是","22102255","093/09/13","098/08/14","琤竻賳篝瑊z有限公司","(02)23257888","台北市敦化南路二段99號24樓","馮孝忠","陳如中","馮孝忠","李珮瑜","匯豐中華證券投資信託股份有限公司","            250,000","匯豐中華證券投資信託股份有限公","(02)23257888","台北市敦化南路二段99號24樓","",
="008201",="BP上證50","境外指數股票型基金","標智上證50中國指數基金(本基金配息來源可能為本金)","W.I.S.E. - SSE 50 China Tracker","上證50指數","","不適用","不適用","不適用","不適用","是","70806514","098/04/09","099/12/08","中銀國際英國保誠資產","(02)2181-5678","台北市中山區明水路698號","丁紹曾","張慈恩","張慈恩","吳麗真","凱基證券投資信託股份有限公司","            349,100","凱基證券股份有限公司股務代理部","2389-2999","台北市重慶南路1段2號5樓","",
="00830",="國泰費城半導體","國外成分證券指數股票型基金","國泰大三元ETF傘型證券投資信託基金之美國費城半導體證券投資信託基金","Cathay U.S. PHLX Semiconductor Sector ETF","美國費城半導體指數","否","不適用","不適用","不適用","不適用","是","75968002","108/04/23","108/05/03","游日傑","0227008399","台北市大安區敦化南路二段39號6樓","張錫","吳惠君","張雍川","張永輝","國泰證券投資信託股份有限公司","        699,465,000","台灣集中保管結算所股份有限公司","0227195805","台北市復興北路363號11樓","",
="00850",="元大臺灣ESG永續","國內成分證券指數股票型基金","元大臺灣ESG永續ETF證券投資信託基金","Yuanta FTSE4Good TIP Taiwan ESG ETF","臺灣永續指數","否","不適用","不適用","不適用","不適用","否","76322163","108/08/15","108/08/23","邱鉦淵","(02)27175555","臺北市松山區敦化南路1段66號1樓、4樓、5樓及68號2樓之1","劉宗聖","陳沛宇","陳沛宇","林瑞源","","        429,944,000","臺灣集中保管結算所股份有限公司","(02)27195805","台北市復興北路363號11樓","",
="00851",="台新全球AI","國外成分證券指數股票型基金","台新SG全球AI機器人精選ETF證券投資信託基金","Taishin SG Global AI and Robotics Select ETF","SG全球AI機器人精選指數","是","不適用","不適用","不適用","不適用","是","76321684","108/07/30","108/08/12","黃鈺民","2501-3838","台北市中山區德惠街9-1號1樓","鄭貞茂","葉柱均","葉柱均","NA","","          6,525,000","台灣集中保管結算所股份有限公司","27195805","台北市復興北路363號11樓","",
="00852L",="國泰美國道瓊正2","槓桿/反向指數股票型基金","國泰道瓊工業平均指數單日正向2倍證券投資信託基金","Cathay DJIA Daily Leveraged 2X ETF","道瓊斯工業平均單日正向2倍指數","否","不適用","不適用","不適用","不適用","是","76325112","108/08/15","108/08/22","蘇鼎宇","02-27008399","台北市大安區敦化南路二段39號6樓","張錫","吳惠君","張雍川","張永輝","國泰證券投資信託股份有限公司","         25,365,000","台灣集中保管結算所股份有限公司","02-27195805","台北市復興北路363號11樓","",
="00861",="元大全球未來通訊","國外成分證券指數股票型基金","元大全球未來通訊ETF證券投資信託基金","Yuanta Global NextGen Communications ETF","ICE FactSet 全球未來通訊指數","是","不適用","不適用","不適用","不適用","是","76347684","108/11/11","108/11/19","楊貽甯","02-27175555","臺北市松山區敦化南路1段66號1樓、4樓、5樓及68號2樓之1","劉宗聖","陳沛宇","陳沛宇","林瑞源","","         90,412,000","臺灣集中保管結算所股份有限公司","02-27195805","台北市復興北路363號11樓","",
="00865B",="國泰US短期公債","國外成分證券指數股票型基金","國泰美國收益傘型證券投資信託基金之美國短期公債ETF證券投資信託基金","Cathay US Short Term Treasury ETF","彭博美國短期公債收益指數","否","不適用","不適用","不適用","不適用","是","76355987","108/11/15","108/11/25","鄭立誠","02-27008399","台北市大安區敦化南路二段39號6樓","張錫","吳惠君","張雍川","張永輝","國泰證券投資信託股份有限公司","         16,244,000","台灣集中保管結算所股份有限公司","02-27195805","台北市復興北路363號11樓","",
="00866",="新光Shiller CAPE","國外成分證券指數股票型基金","新光優質收益ETF傘型證券投資信託基金之新光Shiller Barclays CAPE&#174;美國產業價值投資ETF證券投資信託基金","Shin Kong Shiller Barclays CAPE&#174; US Sector Value ETF","Shiller Barclays CAPE&#174;美國產業價值投資指數","否","不適用","不適用","不適用","不適用","是","76492547","108/11/08","108/11/19","N/A","(02)25071123","台北市中山區南京東路二段167號11樓","劉坤錫","陳文雄","陳文雄","吳文同","","          1,229,000","臺灣集中保管結算所股份有限公司","(02)27195805","台北市復興北路363號11樓","",
="00875",="國泰網路資安ETF","國外成分證券指數股票型基金","國泰網路資安ETF證券投資信託基金","Cathay Cyber Security ETF","納斯達克ISE 全球網路資安指數","否","不適用","不適用","不適用","不適用","是","77060531","109/03/23","109/03/30","游日傑","0227008399","台北市大安區敦化南路二段39號6樓","張錫","吳惠君","張雍川","張永輝","國泰證券投資信託股份有限公司","         14,988,000","臺灣集中保管結算所股份有限公司","(02)2719-5805","台北市復興北路363號11樓","",
="00876",="元大全球5G(原名:元大未來關鍵科技)","國外成分證券指數股票型基金","元大全球5G關鍵科技ETF證券投資信託基金(原名:元大全球未來關鍵科技ETF證券投資信託基金)","Yuanta Global 5G & NexGen Telecommunication Components ETF","iSTOXX全球5G關鍵科技指數","是","不適用","不適用","不適用","不適用","是","77549343","109/06/22","109/07/07","李政剛","(02)27175555","臺北市松山區敦化南路1段66號1樓、4樓、5樓及68號2樓之1","劉宗聖","陳沛宇","陳沛宇","林瑞源","","        105,024,000","臺灣集中保管結算股份有限公司","(02)27195805","台北市復興北路363號11樓","",
="00878",="國泰永續高股息","國內成分證券指數股票型基金","國泰台灣高股息傘型證券投資信託基金之台灣ESG永續高股息ETF證券投資信託基金","Cathay MSCI Taiwan ESG Sustainability High Dividend Yield ETF","MSCI臺灣ESG永續高股息精選30指數","是","不適用","不適用","不適用","不適用","否","88090913","109/07/10","109/07/20","鍾郁婕","02-27008399","台北市大安區敦化南路二段39號6樓","張錫","吳惠君","張雍川","張永輝","國泰證券投資信託股份有限公司","     17,252,290,000","台灣集中保管結算所股份有限公司","02-27195805","台北市復興北路363號11樓","",
="00881",="國泰台灣5G PLUS ETF基金","國內成分證券指數股票型基金","國泰台灣5G PLUS ETF證券投資信託基金","Cathay Taiwan 5G PLUS ETF","臺灣指數公司特選臺灣上市上櫃FactSet 5G+通訊指數","是","不適用","不適用","不適用","不適用","否","88114133","109/12/01","109/12/10","蘇鼎宇","02-27008399","台北市大安區敦化南路二段39號6樓","張錫","吳惠君","張雍川","張永輝","國泰證券投資信託股份有限公司","      2,472,903,000","台灣集中保管結算所股份有限公司","02-27195805","台北市復興北路363號11樓","",
="00882",="中信中國高股息","國外成分證券指數股票型基金","中國信託全球收益ETF傘型證券投資信託基金之中國信託琤秅什穈牧悎余TF證券投資信託基金","CTBC Hang Seng China High Dividend Yield ETF","琤秅什穈牧悎妓v指數","是","不適用","不適用","不適用","不適用","是","88134187","110/01/27","110/02/04","葉松炫","02-2652-6688","台北市南港區經貿二路188號12樓","陳金榮","陳正華","陳正華","黃伊芃","","      3,025,349,000","兆豐國際商業銀行股份有限公司","02-2563-3156","臺北市中山區吉林路100號11樓","",
="00885",="富邦越南","國外成分證券指數股票型基金","富邦富時越南ETF證券投資信託基金","Fubon FTSE Vietnam ETF","富時越南30指數","否","不適用","不適用","不適用","不適用","是","88173189","110/03/30","110/04/19","陳仲愷","(02)8771-6688","台北市敦化南路一段108號8樓","黃昭棠","黃昭棠","林欣怡","林欣怡","富邦證券投資信託股份有限公司","      1,640,238,000","富邦證券投資信託股份有限公司","(02)8771-6688","台北市敦化南路一段108號8樓","",
="00891",="中信關鍵半導體","國內成分證券指數股票型基金","中國信託臺灣ESG永續關鍵半導體ETF證券投資信託基金","CTBC Taiwan ESG Leading Semiconductor ETF","NYSE FactSet 臺灣ESG永續關鍵半導體指數","是","不適用","不適用","不適用","不適用","否","88182265","110/05/20","110/05/28","張圭慧","02-2652-6688","台北市南港區經貿二路188號12樓","陳金榮","陳正華","陳正華","黃伊芃","","      1,057,090,000","永豐商業銀行股份有限公司","02-2505-9999","臺北市中山區南京東路3段36號","",
="00892",="富邦台灣半導體","國內成分證券指數股票型基金","富邦台灣核心半導體ETF證券投資信託基金","Fubon ICE FactSet Taiwan Core Semiconductor ETF","NYSE FactSet台灣核心半導體指數","是","不適用","不適用","不適用","不適用","否","88183736","110/06/02","110/06/10","陳又又吉","(02)8771-6688","台北市敦化南路一段108號8樓","黃昭棠","黃昭棠","林欣怡","林欣怡","富邦證券投資信託股份有限公司","        348,792,000","富邦證券投資信託股份有限公司","(02)8771-6688","台北市敦化南路一段108號8樓","",
="00893",="國泰智能電動車","國外成分證券指數股票型基金","國泰全球智能電動車ETF證券投資信託基金","Cathay Global Autonomous EV ETF","NYSE FactSet 全球智能電動車指數","是","不適用","不適用","不適用","不適用","是","88185256","110/06/21","110/07/01","游日傑","0227008399","台北市大安區敦化南路二段39號6樓","張錫","吳惠君","張雍川","張永輝","國泰證券投資信託股份有限公司","        535,884,000","臺灣集中保管結算所股份有限公司","(02)2719-5805","台北市復興北路363號11樓","",
="00894",="中信小資高價30","國內成分證券指數股票型基金","中國信託特選小資高價30ETF證券投資信託基金","CTBC TIP Customized Investor Movement Aristocrats 30ETF","臺灣指數公司特選小資高價30指數","是","不適用","不適用","不適用","不適用","否","88195183","110/08/05","110/08/13","韓聖弘","02-2652-6688","台北市南港區經貿二路188號12樓","陳金榮","陳正華","陳正華","黃伊芃","","         87,009,000","合作金庫商業銀行股份有限公司","02-2173-8888","臺北市松山區長安東路二段225號","",
="00895",="富邦未來車","國外成分證券指數股票型基金","富邦未來車ETF證券投資信託基金","Fubon MSCI ACWI IMI Select Future Mobility Top 30 Capped ETF","MSCI ACWI IMI 精選未來車30指數","是","不適用","不適用","不適用","不適用","是","88194950","110/08/02","110/08/12","王素珍","(02)8771-6688","台北市敦化南路一段108號8樓","史綱","史綱","林欣怡","林欣怡","富邦證券投資信託股份有限公司","        215,416,000","富邦證券投資信託股份有限公司","(02)8771-6688","台北市敦化南路一段108號8樓","",
="00896",="中信綠能及電動車","國內成分證券指數股票型基金","中國信託臺灣綠能及電動車ETF證券投資信託基金","CTBC TIP Customized Taiwan Green Energy and Electric Vehicles ETF","臺灣指數公司特選臺灣上市上櫃綠能及電動車指數","是","不適用","不適用","不適用","不適用","否","88231049","110/09/09","110/09/16","張苡琤","02-2652-6688","台北市南港區經貿二路188號12樓","陳金榮","陳正華","陳正華","黃伊芃","","        220,380,000","永豐商業銀行股份有限公司","02-2505-9999","臺北市中山區南京東路3段36號","",
="00897",="富邦基因免疫生技","國外成分證券指數股票型基金","富邦基因免疫生技ETF證券投資信託基金","Fubon NYSE FactSet Global Genomics and Immuno Biopharma ETF","NYSE FactSet 全球基因免疫生技指數","否","不適用","不適用","不適用","不適用","是","88234242","110/09/24","110/10/04","陳婉寧","(02)8771-6688","台北市敦化南路一段108號8樓","史綱","史綱","林欣怡","林欣怡","富邦證券投資信託股份有限公司","        206,512,000","富邦證券投資信託股份有限公司","(02)8771-6688","台北市敦化南路一段108號8樓","",
="00898",="國泰全球基因免疫與醫療革命ETF基金","國外成分證券指數股票型基金","國泰全球基因免疫與醫療革命ETF證券投資信託基金","Solactive Global Genomics Immunology and medical revolution index","Solactive全球基因免疫與醫療革命指數","是","不適用","不適用","不適用","不適用","是","88237803","110/11/11","110/11/22","游日傑","0227008399","台北市大安區敦化南路二段39號6樓","張錫","吳惠君","張雍川","張永輝","國泰證券投資信託股份有限公司","        222,476,000","臺灣集中保管結算所股份有限公司","(02)2719-5805","台北市復興北路363號11樓","",
="00899",="FT潔淨能源(原名:富蘭克林潔淨能源)","國外成分證券指數股票型基金","富蘭克林華美全球潔淨能源ETF證券投資信託基金","Franklin Templeton SinoAm Global Clean Energy ETF","標普全球潔淨能源精選指數","是","不適用","不適用","不適用","不適用","是","88251656","111/01/12","111/01/21","洪慧珊","02-2781-9599","106台北市大安區忠孝東路四段87號12樓","黃書明","王亞立","王亞立","無","","         33,135,000","臺灣集中保管結算所股份有限公司","02-2719-5805","台北市復興北路363號11樓","",
="00900",="富邦特選高股息30","國內成分證券指數股票型基金","富邦特選台灣高股息30 ETF證券投資信託基金","Fubon Taiwan Index high dividend 30 ETF","臺灣指數公司特選臺灣上市上櫃高股息30指數","是","不適用","不適用","不適用","不適用","否","88254540","110/12/14","110/12/22","黃煜翔","(02)8771-6688","台北市敦化南路一段108號8樓","黃昭棠","黃昭棠","林欣怡","林欣怡","富邦證券投資信託股份有限公司","      1,946,525,000","富邦證券投資信託股份有限公司","(02)8771-6688","台北市敦化南路一段108樓8樓","",
="00901",="永豐智能車供應鏈","國內成分證券指數股票型基金","永豐台灣智能車供應鏈ETF證券投資信託基金","SinoPac Taiwan Electric Vehicle Supply Chain ETF","臺灣指數公司特選上市上櫃臺灣智能車供應鏈聯盟指數","是","不適用","不適用","不適用","不適用","否","88255098","110/12/06","110/12/15","林永祥","(02)2361-8110","100台北市博愛路17號13樓及14樓","陳思寬","陳傳毅","濮樂偉","王麗君","","         80,849,000","永豐證券投資信託股份有限公司","(02)2361-8110","100台北市博愛路17號13樓及14樓","",
="00902",="中信電池及儲能","國外成分證券指數股票型基金","中國信託電池及儲能科技ETF證券投資信託基金","CTBC Battery and Energy Storage Technology ETF","NYSE FactSet 電池與儲能科技指數","是","不適用","不適用","不適用","不適用","是","88261134","111/01/18","111/01/25","施絜心","02-2652-6688","台北市南港區經貿二路188號12樓","陳金榮","陳正華","陳正華","黃伊芃","","        508,497,000","華南商業銀行股份有限公司","02-2371-3111","臺北市信義區松仁路123號","",
="00903",="富邦元宇宙","國外成分證券指數股票型基金","富邦元宇宙ETF證券投資信託基金","Fubon Solactive Metaverse ETF","Solactive元宇宙指數","是","不適用","不適用","不適用","不適用","是","88261140","111/01/14","111/01/24","王辰方","(02)8771-6688","台北市敦化南路一段108號8樓","史綱","史綱","林欣怡","林欣怡","富邦證券投資信託股份有限公司","        114,721,000","富邦證券投資信託股份有限公司","(02)8771-6688","台北市敦化南路一段108號8樓","",
="00904",="新光臺灣半導體30","國內成分證券指數股票型基金","新光臺灣全市場半導體精選30ETF證券投資信託基金","Shin Kong TIP Taiwan Semiconductor 30 ETF","臺灣指數公司臺灣全市場半導體精選30指數","否","不適用","不適用","不適用","不適用","否","88265048","111/02/23","111/03/07","王韻茹","(02)25071123","台北市中山區南京東路二段167號11樓","劉坤錫","陳文雄","陳文雄","吳文同","","        103,112,000","臺灣集中保管結算所股份有限公司","(02)27195805","台北市復興北路363號11樓","",
="00905",="FT臺灣Smart","國內成分證券指數股票型基金","富蘭克林華美臺灣Smart ETF證券投資信託基金","Franklin Templeton SinoAm Taiwan Smart ETF","臺灣指數公司特選Smart多因子指數","是","不適用","不適用","不適用","不適用","否","88266320","111/04/13","111/04/21","王紹宇","(02)27819599","106台北市大安區忠孝東路四段87號12樓","黃書明","王亞立","王亞立","無","無","        513,327,000","臺灣集中保管結算所股份有限公司","(02)27195805","&#160;台北市復興北路363號11樓","",
="00906",="大華元宇宙科技50","國外成分證券指數股票型基金","大華銀元宇宙科技與服務ETF證券投資信託基金","United Metaverse Technology and Services ETF","Solactive元宇宙科技與服務指數","","不適用","不適用","不適用","不適用","是","88281125","111/05/06","111/05/17","鄭翰紘","(02)2719-7005","臺北市松山區民生東路三段109號15樓","張文傑","張耿豪","王政修","無","無","          1,271,000","臺灣集中保管結算所股份有限公司","(02)27195805","台北市復興北路363號11樓","",
="00907",="永豐優息存股","國內成分證券指數股票型基金","永豐台灣優選入息存股ETF證券投資信託基金","SinoPac Taiwan Superior Dividend Highlight Stocks ETF","臺灣指數公司特選臺灣優選入息存股指數","是","不適用","不適用","不適用","不適用","否","88313702","111/05/17","111/05/24","林永祥","(02)2361-8110","100台北市博愛路17號13樓及14樓","陳思寬","陳傳毅","濮樂偉","王麗君","","        319,633,000","永豐證券投資信託股份有限公司","(02)2361-8110","100台北市博愛路17號13樓及14樓","",
="00908",="富邦入息REITs+","國外成分證券指數股票型基金","富邦全球入息不動產與基礎建設ETF證券投資信託基金","Fubon Global Dividend REITs and Infrastructure ETF","全球入息不動產與基礎建設指數","是","不適用","不適用","不適用","不適用","是","88313560","111/05/10","111/05/20","蘇筱婷","(02)8771-6688","台北市敦化南路一段108號8樓","史綱","史綱","林欣怡","林欣怡","富邦證券投資信託股份有限公司","         40,916,000","富邦證券投資信託股份有限公司","(02)8771-6688","台北市敦化南路一段108號8樓","",
="00909",="國泰全球數位支付服務ETF基金","國外成分證券指數股票型基金","國泰全球數位支付服務ETF證券投資信託基金","Cathay Global Digital Payment Services ETF","Solactive全球數位支付服務指數","是","不適用","不適用","不適用","不適用","是","88317046","111/07/01","111/07/13","游凱卉","02-27008399","台北市大安區敦化南路二段39號6樓","張錫","吳惠君","張雍川","張永輝","國泰證券投資信託股份有限公司","        141,204,000","台灣集中保管結算所股份有限公司","02-27195805","台北市復興北路363號11樓","",
="00910",="第一金太空衛星","國外成分證券指數股票型基金","第一金太空衛星ETF證券投資信託基金","FSITC Aerospace and Satellite ETF","太空衛星指數","是","不適用","不適用","不適用","不適用","是","88316551","111/07/12","111/07/20","曾萬勝","02-2504-1000","台北市10477民權東路三段6號7樓","尤昭文","林雅菁","廖文偉","何芮凝","無","         18,439,000","臺灣集中保管結算所股份有限公司","02-2719-5805","台北市復興北路363號11樓","",
="00911",="兆豐洲際半導體","國外成分證券指數股票型基金","兆豐洲際半導體ETF證券投資信託基金","Mega ICE Semiconductor ETF","洲際半導體指數","否","不適用","不適用","不適用","不適用","是","88317812","111/06/17","111/06/27","吳朋鴻","21758388","台北市松山區復興北路167號17樓","陳佩君","黃大川","黃大川","謝秀瑛","無","         30,903,000","兆豐國際證券投資信託股份有限公","21758388","台北市松山區復興北路167號17樓","",
="00912",="中信臺灣智慧50","國內成分證券指數股票型基金","中國信託臺灣智慧50ETF證券投資信託基金","CTBC TIP Customized Taiwan Smart Factor 50 ETF","臺灣指數公司特選臺灣上市上櫃智慧50指數","是","不適用","不適用","不適用","不適用","否","88319403","111/06/22","111/06/29","張嘉祐","02-2652-6688","台北市南港區經貿二路188號12樓","陳金榮","陳正華","陳正華","黃伊芃","","         78,753,000","彰化商業銀行股份有限公司","02-2536-2951","臺北市中山區中山北路二段57號","",
="00913",="兆豐台灣晶圓製造ETF","國內成分證券指數股票型基金","兆豐特選台灣晶圓製造 ETF證券投資信託基金","Mega Taiwan Wafer Manufacture ETF","臺灣晶圓製造指數","是","不適用","不適用","不適用","不適用","否","88321560","111/08/01","111/08/08","吳朋鴻","(02)21758388","台北市松山區復興北路167號17樓","陳佩君","黃大川","黃大川","謝秀瑛","無","         12,766,000","兆豐國際證券投資信託股份有限公","(02)21758388","台北市松山區復興北路167號17樓","",
="00915",="凱基優選高股息30","國內成分證券指數股票型基金","凱基台灣優選高股息30ETF證券投資信託基金","KGI Taiwan Premium Selection High Dividend 30 ETF","臺灣指數公司特選臺灣上市上櫃多因子優選高股息30指數","是","不適用","不適用","不適用","不適用","否","88324665","111/08/01","111/08/09","施政廷","(02)2181-5678","台北市中山區明水路698號","丁紹曾","張慈恩","張慈恩","無","","      1,697,483,000","臺灣集中保管結算所股份有限公司","(02)2719-5805","台北市復興北路363號11樓","",
="00916",="國泰全球品牌50","國外成分證券指數股票型基金","國泰全球品牌50ETF證券投資信託基金","Cathay Global Top 50 Brands ETF","NYSE FactSet 全球品牌50指數","是","不適用","不適用","不適用","不適用","是","88325405","111/09/16","111/09/26","李翰林","(02)27008399","台北市大安區敦化南路二段39號6樓","張錫","吳惠君","張雍川","張永輝","國泰證券投資信託股份有限公司","         79,919,000","臺灣集中保管結算所股份有限公司","(02)2719-5805","台北市復興北路363號11樓","",
="00917",="中信特選金融","國外成分證券指數股票型基金","中國信託特選金融及數據ETF證券投資信託基金","CTBC Selected Financials and Data Industry ETF","NYSE FactSet 特選金融及數據指數","是","不適用","不適用","不適用","不適用","是","88326299","111/08/18","111/08/26","張苡琤","02-2652-6688","台北市南港區經貿二路188號12樓","陳金榮","陳正華","陳正華","黃伊芃","","         32,978,000","永豐商業銀行股份有限公司","02-2505-9999","臺北市中山區南京東路3段36號","",
="00918",="大華優利高填息30 ETF","國內成分證券指數股票型基金","大華銀台灣優選股利高填息30ETF證券投資信託基金","United Taiwan High Dividend Recovery ETF","特選台灣優利高填息30指數","是","不適用","不適用","不適用","不適用","否","88329556","111/11/15","111/11/24","楊斯淵","(02)2719-7005","臺北市松山區民生東路三段109號16樓","張文傑","張耿豪","王政修","無","無","      2,911,264,000","臺灣集中保管結算所股份有限公司","(02)27195805","台北市復興北路363號11樓","無",
="00919",="群益台灣精選高息","國內成分證券指數股票型基金","群益台灣精選高息ETF證券投資信託基金","CAPITAL TIP CUSTOMIZED TAIWAN SELECT HIGH DIVIDEND EXCHANGE TRADED FUND","臺灣指數公司特選臺灣上市上櫃精選高息指數","是","不適用","不適用","不適用","不適用","否","88330879","111/10/13","111/10/20","謝明志","(02)27067688","台北市大安區敦化南路二段69號15樓","賴政昇","林慧玟","陳明輝","無","無","     13,276,135,000","群益證券投資信託股份有限公司","(02)27067688","台北市大安區敦化南路二段69號15樓","",
="00920",="富邦ESG綠色電力","國外成分證券指數股票型基金","富邦全球ESG綠色電力ETF證券投資信託基金","Fubon Global ESG Green Energy ETF","NYSE  FactSet 全球綠能ESG指數","是","不適用","不適用","不適用","不適用","是","88332996","111/10/12","111/10/20","洪珮甄","(02)8771-6688","台北市敦化南路一段108號8樓","史綱","史綱","林欣怡","林欣怡","富邦證券投資信託股份有限公司","         12,280,000","富邦證券投資信託股份有限公司","(02)8771-6688","台北市敦化南路一段108號8樓","",
="00921",="兆豐龍頭等權重","國內成分證券指數股票型基金","兆豐台灣產業龍頭存股等權重ETF證券投資信託基金","Mega Taiwan Market Leader EW ETF","特選臺灣產業龍頭存股等權重指數","是","不適用","不適用","不適用","不適用","否","88351249","112/01/04","112/01/13","吳朋鴻","(02)21758388","台北市松山區復興北路167號17樓","陳佩君","黃大川","黃大川","謝秀瑛","無","        163,270,000","兆豐國際證券投資信託股份有限公司","(02)21758388","台北市松山區復興北路167號17樓","",
="00922",="國泰台灣領袖 50","國內成分證券指數股票型基金","國泰台灣領袖 50 ETF 證券投資信託基金","Cathay MSCI Taiwan Leaders 50 Select ETF","MSCI台灣領袖50精選指數","是","不適用","不適用","不適用","不適用","否","88385923","112/03/16","112/03/27","蘇鼎宇","(02)27008399","台北市大安區敦化南路二段39號6樓","張錫","吳惠君","張雍川","張永輝","國泰證券投資信託股份有限公司","        956,186,000","臺灣集中保管結算所股份有限公司","(02)2719-5805","台北市復興北路363號11樓","",
="00923",="群益台ESG低碳50","國內成分證券指數股票型基金","群益台灣ESG低碳50ETF證券投資信託基金","CAPITAL TIP CUSTOMIZED TAIWAN ESG LOW CARBON 50 EXCHANGE TRADED FUND","臺灣指數公司特選臺灣ESG低碳50指數","是","不適用","不適用","不適用","不適用","否","88385901","112/02/24","112/03/08","洪祥益","(02)27067688","台北市大安區敦化南路二段69號15樓","賴政昇","林慧玟","陳明輝","無","無","        850,923,000","群益證券投資信託股份有限公司","(02)27067688","台北市大安區敦化南路二段69號15樓","",
="00924",="復華S&amp;P500成長","國外成分證券指數股票型基金","復華美國標普500成長ETF證券投資信託基金","Fuh Hwa US S&P 500 Growth ETF","標普500成長指數","否","不適用","不適用","不適用","不適用","是","88391777","112/04/12","112/04/26","吳允翔","(02)8161-6800","臺北市中山區八德路２段３０８號７樓、８樓及９樓","杜俊雄","張偉智","張偉智","無","","        226,103,000","臺灣集中保管結算所股份有限公司","(02)2719-5805","台北市復興北路363號11樓","",
="00925",="新光標普電動車","國外成分證券指數股票型基金","新光標普電動車ETF證券投資信託基金","Shin Kong S&P Electric Vehicles ETF","標普Kensho電動車市值加權指數","否","不適用","不適用","不適用","不適用","是","88392728","112/03/31","112/04/18","劉恆誌","(02)25071123","台北市中山區南京東路二段167號11樓","劉坤錫","陳文雄","陳文雄","吳文同","","          5,751,000","臺灣集中保管結算所股份有限公司","(02)27195805","台北市復興北路363號11樓","",
="00926",="凱基全球菁英55","國外成分證券指數股票型基金","凱基全球菁英55 ETF證券投資信託基金","KGI Global Industry Elite 55 ETF","彭博全球菁英 55 指數","是","不適用","不適用","不適用","不適用","是","88396230","112/05/26","112/06/02","楊哲宇","(02)2181-5678","台北市中山區明水路698號","丁紹曾","張慈恩","張慈恩","無","","        125,482,000","臺灣集中保管結算所股份有限公司","(02)2719-5805","台北市復興北路363號11樓","",
="00927",="群益半導體收益","國內成分證券指數股票型基金","群益台灣半導體收益ETF證券投資信託基金","CAPITAL TIP CUSTOMIZED TAIWAN SEMICONDUCTOR DIVIDEND YIELD EXCHANGE TRADED FUND","臺灣指數公司特選臺灣上市上櫃半導體收益指數","是","不適用","不適用","不適用","不適用","否","88397435","112/05/29","112/06/06","謝明志","(02)2706-7688","台北市大安區敦化南路二段69號15樓","賴政昇","林慧玟","陳明輝","無","無","        790,897,000","群益證券投資信託股份有限公司","(02)27067688","台北市大安區敦化南路二段69號15樓","",
="00929",="復華台灣科技優息","國內成分證券指數股票型基金","復華台灣科技優息ETF證券投資信託基金","Fuh Hwa Taiwan Technology Dividend Highlight ETF","臺灣指數公司特選臺灣上市上櫃科技優息指數","是","不適用","不適用","不適用","不適用","否","88399314","112/06/01","112/06/09","許忠成","(02)8161-6800","台北市八德路二段308號8樓","杜俊雄","張偉智","張偉智","無","","     12,431,139,000","&#160;臺灣集中保管結算所股份有限公司","(02)2719-5805","台北市復興北路363號11樓","",
="00930",="永豐ESG低碳高息","國內成分證券指數股票型基金","永豐台灣ESG低碳高息40ETF證券投資信託基金","SinoPac Taiwan ESG Low Carbon High Dividend ETF","臺灣指數公司特選臺灣上市上櫃ESG低碳高息40指數","是","不適用","不適用","不適用","不適用","否","93104629","112/07/07","112/07/13","王俞淳","(02)2361-8110","100台北市博愛路17號13樓及14樓","陳思寬","陳傳毅","濮樂偉","王麗君","","        475,779,000","永豐證券投資信託股份有限公司","(02)2361-8110","100台北市博愛路17號13樓及14樓","",
="00932",="兆豐永續高息等權","國內成分證券指數股票型基金","兆豐台灣ESG永續高股息等權重ETF證券投資信託基金","Mega Taiwan ESG High Dividend Equal Weight ETF","臺灣ESG永續高股息等權重指數","是","不適用","不適用","不適用","不適用","否","93111473","112/08/22","112/09/01","吳朋鴻","(02)21758388","台北市松山區復興北路167號17樓","陳佩君","黃大川","黃大川","謝秀瑛","無","        460,283,000","兆豐國際證券投資信託股份有限公司","(02)21758388","台北市松山區復興北路167號17樓","",
="00934",="中信成長高股息","國內成分證券指數股票型基金","中國信託臺灣優選成長高股息ETF證券投資信託基金","CTBC TIP Customized Taiwan Growth and High Dividend ETF","臺灣指數公司特選臺灣上市上櫃優選成長高股息指數","是","不適用","不適用","不適用","不適用","否","93150242","112/10/25","112/11/01","張圭慧","02-2652-6688","台北市南港區經貿二路188號12樓","陳金榮","陳正華","陳正華","黃伊芃","","      1,234,026,000","第一商業銀行股份有限公司","02-2348-1111","臺北市中正區重慶南路一段30號","",
="00935",="野村臺灣新科技50","國內成分證券指數股票型基金","野村臺灣創新科技50 ETF證券投資信託基金","NEXT FUNDS – Nomura Taiwan Innovative Technology 50 ETF","臺灣指數公司特選臺灣上市上櫃FactSet創新科技50指數","是","不適用","不適用","不適用","不適用","否","93151376","112/10/23","112/11/01","林怡君","(02)8101-5501","台北市信義區信義路五段7號30樓","毛昱文","白曼德","白曼德","賴峰彰","","        383,504,000","野村證券投資信託股份有限公司","(02)81015501","台北市信義區信義路五段7號30樓","",
="00936",="台新永續高息中小型ETF","國內成分證券指數股票型基金","台新臺灣永續高息中小型ETF證券投資信託基金","Taishin TIP Customized Taiwan ESG High Dividend Small/Mid-Cap ETF","台灣永續高息中小型指數","是","不適用","不適用","不適用","不適用","否","93150593","112/10/30","112/11/08","黃鈺民","02-25013838","104台北市中山區德惠街9-1號1樓","鄭貞茂","葉柱均","葉柱均","NA","NA","      1,100,797,000","台灣集中保管結算所股份有限公司","27195805","台北市復興北路363號11樓","",
="00938",="凱基優選30","國內成分證券指數股票型基金","凱基台灣優選30 ETF證券投資信託基金","KGI Taiwan Premium Selection 30 ETF","臺灣指數公司特選臺灣上市上櫃優選多因子30指數","是","不適用","不適用","不適用","不適用","否","93159187","113/10/14","113/10/23","施政廷","(02)2181-5678","台北市中山區明水路698號","丁紹曾","張慈恩","張慈恩","無","","        248,516,000","臺灣集中保管結算所股份有限公司","0227195805","台北市復興北路363號11樓","",
="00939",="統一台灣高息動能ETF基金","國內成分證券指數股票型基金","統一台灣高息動能ETF證券投資信託基金","UPAMC Taiwan High Dividend Momentum ETF","特選臺灣高息動能指數","是","不適用","不適用","不適用","不適用","否","93168221","113/03/08","113/03/20","林良一","02-2747-8388","台北市松山區東興路8號8樓","鄧潤澤","董永寬","董永寬","董永寬","","      3,003,476,000","統一證券投資信託股份有限公司","02-2747-8388","台北市松山區東興路8號8樓","",
="00940",="元大台灣價值高息","國內成分證券指數股票型基金","元大臺灣價值高息ETF證券投資信託基金","Yuanta Taiwan Value High Dividend ETF","臺灣指數公司特選臺灣價值高息指數","是","不適用","不適用","不適用","不適用","否","93176257","113/03/18","113/04/01","邱鉦淵","(02)27175555","臺北市松山區敦化南路1段66號1樓、4樓、5樓及68號2樓之1","劉宗聖","陳沛宇","陳沛宇","林瑞源","","     16,162,365,000","臺灣集中保管結算所股份有限公司","(02)27195805","台北市復興北路363號11樓","",
="00941",="中信上游半導體","國外成分證券指數股票型基金","中國信託上游半導體ETF證券投資信託基金","CTBC Upstream Semiconductor ETF","NYSE FactSet 上游半導體指數","是","不適用","不適用","不適用","不適用","是","93176279","113/03/06","113/03/15","葉松炫","02-2652-6688","台北市南港區經貿二路188號12樓","陳金榮","陳正華","陳正華","黃伊芃","","      1,291,291,000","第一商業銀行股份有限公司","02-2348-1111","臺北市中正區重慶南路一段30號","",
="00943",="兆豐電子高息等權","國內成分證券指數股票型基金","兆豐台灣電子成長高息等權重ETF證券投資信託基金","Mega Taiwan IT Growth and High Dividend Equal Weight ETF","臺灣電子成長高息等權重指數","是","不適用","不適用","不適用","不適用","否","93211796","113/05/09","113/05/20","吳朋鴻","(02)21758388","台北市松山區復興北路167號17樓","陳佩君","黃大川","黃大川","謝秀瑛","無","        162,389,000","兆豐國際證券投資信託股份有限公司","(02)21758388","台北市松山區復興北路167號17樓","",
="00944",="野村趨勢動能高息","國內成分證券指數股票型基金","野村臺灣趨勢動能高股息ETF證券投資信託基金","NEXT FUNDS – Nomura Taiwan Momentum High Dividend ETF","臺灣指數公司特選臺灣上市上櫃FactSet臺灣趨勢動能高股息指數","是","不適用","不適用","不適用","不適用","否","93212660","113/04/29","113/05/09","林怡君","(02)8101-5501","台北市信義區信義路五段7號30樓","毛昱文","白曼德","白曼德","賴峰彰","","        177,081,000","野村證券投資信託股份有限公司","(02)8101-5501","台北市信義區信義路五段7號30樓","",
="00945B",="凱基美國非投等債","國外成分證券指數股票型基金","凱基美國優選收益非投資等級債券ETF證券投資信託基金","KGI US Premium Selection High Yield Bond ETF","彭博美國企業非投資等級1-5年Ba至B債券指數","是","不適用","不適用","不適用","不適用","是","93213801","113/04/22","113/05/02","鄭翰紘","(02)2181-5678","台北市中山區明水路698號","丁紹曾","張慈恩","張慈恩","張慈恩","無","        778,818,000","臺灣集中保管結算所股份有限公司","(02)2719-5805","台北市復興北路363號11樓","",
="00946",="群益科技高息成長","國內成分證券指數股票型基金","群益台灣科技高息成長ETF證券投資信託基金","CAPITAL TAIWAN TECH HIGH DIVIDEND AND GROWTH ETF","臺灣指數公司特選臺灣上市上櫃科技高息成長指數","是","不適用","不適用","不適用","不適用","否","93215250","113/04/29","113/05/09","洪祥益","(02)2706-7688","台北市大安區敦化南路二段69號15樓","賴政昇","林慧玟","陳明輝","無","無","      1,423,746,000","群益證券投資信託股份有限公司","0227067688","台北市大安區敦化南路二段69號15樓","",
="00947",="台新臺灣IC設計動能ETF基&#63754;","國內成分證券指數股票型基金","台新臺灣IC設計動能ETF證券投資信託基&#63754;","Taishin Taiwan IC Design and Momentum ETF","台灣IC設計動能指數","是","不適用","不適用","不適用","不適用","否","93216764","113/05/31","113/06/12","黃鈺民","02-25013838","104台北市中山區德惠街9-1號1樓","鄭貞茂","葉柱均","葉柱均","NA","NA","        204,864,000","台灣集中保管結算所股份有限公司","27195805","台北市復興北路363號11樓","",
="00949",="復華日本龍頭","國外成分證券指數股票型基金","復華日本護城河優勢龍頭企業ETF證券投資信託基金","Fuh Hwa Japan Global Moat Leaders ETF","NYSE FactSet日本護城河優勢龍頭企業指數","是","不適用","不適用","不適用","不適用","是","93220253","113/06/20","113/07/01","劉昌祚","(02)8161-6800","台北市八德路二段308號8樓","杜俊雄","張偉智","張偉智","無","","        359,928,000","臺灣集中保管結算所股份有限公司","(02)2719-5805","&#160;台北市復興北路363號11樓","",
="00951",="台新日本半導體ETF","國外成分證券指數股票型基金","台新日本半導體ETF證券投資信託基金","Taishin NYSE FactSet Japan Semiconductor ETF","NYSE FactSet日本半導體指數","是","不適用","不適用","不適用","不適用","是","00508426","113/07/16","113/07/25","黃鈺民","2501-3838","台北市中山區德惠街9-1號1樓","鄭貞茂","葉柱均","葉柱均","NA","","        358,042,000","台灣集中保管結算所股份有限公司","27195805","台北市復興北路363號11樓","",
="00952",="凱基台灣AI 50","國內成分證券指數股票型基金","凱基優選台灣AI 50 ETF證券投資信託基金","KGI Taiwan Premium Selection AI 50 ETF","臺灣指數公司特選臺灣上市上櫃FactSet優選AI 50指數","是","不適用","不適用","不適用","不適用","否","00512110","113/08/26","113/09/05","施政廷","(02)2181-5678","台北市中山區明水路698號","丁紹曾","張慈恩","張慈恩","無","","        366,775,000","臺灣集中保管結算所股份有限公司","0227195805","台北市復興北路363號11樓","",
="00953B",="群益優選非投等債","國外成分證券指數股票型基金","群益優選收益非投資等級債券ETF證券投資信託基金","CAPITAL BB-B COUPON ENHANCED HIGH YIELD BOND EXCHANGE TRADED FUND","ICE 1-5 年 BB-B 級成熟市場信用優息美元非投資等級債券指數","是","不適用","不適用","不適用","不適用","是","00512532","113/08/12","113/08/21","李忠泰","0227067688","台北市大安區敦化南路二段69號15樓","賴政昇","林慧玟","陳明輝","無","無","      1,729,175,000","群益證券投資信託股份有限公司","0227067688","台北市大安區敦化南路二段69號15樓","",
="00954",="中信日本半導體","國外成分證券指數股票型基金","中國信託日本ETF傘型證券投資信託基金之中國信託日本半導體ETF證券投資信託基金","CTBC Japan Semiconductor ETF","NYSE FactSet 日本半導體指數","是","不適用","不適用","不適用","不適用","是","00512651","113/08/09","113/08/20","葉松炫","02-2652-6688","台北市南港區經貿二路188號12樓","陳金榮","陳正華","陳正華","黃伊芃","","         98,747,000","華南商業銀行股份有限公司","02-2371-3111","臺北市信義區松仁路123號","",
="00956",="中信日經高股息","國外成分證券指數股票型基金","中國信託日本ETF傘型證券投資信託基金之中國信託日經高股息50ETF證券投資信託基金","CTBC Nikkei High Dividend Yield 50 ETF","日經高股息50指數","否","不適用","不適用","不適用","不適用","是","00512630","113/08/09","113/08/20","王建武","02-2652-6688","台北市南港區經貿二路188號12樓","陳金榮","陳正華","陳正華","黃伊芃","","         37,630,000","永豐商業銀行股份有限公司","02-2505-9999","臺北市中山區南京東路3段36號","",
="00960",="野村全球航運龍頭","國外成分證券指數股票型基金","野村全球航運龍頭息收ETF證券投資信託基金","NEXT FUNDS - Nomura Global Shipping Leaders Income ETF","NYSE FactSet全球航運龍頭息收指數","是","不適用","不適用","不適用","不適用","是","00516397","113/09/09","113/09/20","張怡琳","(02)8101-5501","台北市信義區信義路五段7號30樓","毛昱文","白曼德","白曼德","賴峰彰","","        235,995,000","野村證券投資信託股份有限公司","(02)8101-5501","台北市信義區信義路五段7號30樓","",
="00961",="FT臺灣永續高息","國內成分證券指數股票型基金","富蘭克林華美臺灣ESG永續高息ETF證券投資信託基金","Franklin Templeton SinoAm Taiwan ESG High Dividend ETF","ICE臺灣ESG高息指數","是","不適用","不適用","不適用","不適用","否","00516729","113/10/04","113/10/15","江明鴻","02-2781-9599","106台北市大安區忠孝東路四段87號12樓","黃書明","王亞立","王亞立","無","無","         70,511,000","臺灣集中保管結算所股份有限公司","02-2719-5805","台北市復興北路363號11樓","",
="00962",="台新AI優息動能基金","國內成分證券指數股票型基金","台新臺灣AI優息動能ETF證券投資信託基金","Taishin Taiwan AI High Dividend and Momentum ETF","台灣AI優息動能指數","是","不適用","不適用","不適用","不適用","是","00526070","113/11/27","113/12/06","黃鈺民","(02)25013838","104台北市德惠街9-1號1&#27272;","鄭貞茂","葉柱均","葉柱均","NA","NA","        106,920,000","臺灣集中保管結算所股份有限公司","(02)27195805","台北市復興北路363號11樓","",
="00963",="中信全球高股息","國外成分證券指數股票型基金","中國信託優息ETF傘型證券投資信託基金之中國信託全球高股息ETF證券投資信託基金","CTBC Global High Dividend ETF","NYSE 全球特選高股息自由現金流指數","是","不適用","不適用","不適用","不適用","是","00527303","113/11/05","113/11/14","陳雯卿","02-2652-6688","台北市南港區經貿二路188號12樓","陳金榮","陳正華","陳正華","黃伊芃","","         70,933,000","永豐商業銀行股份有限公司","02-2505-9999","臺北市中山區南京東路3段36號","",
="00964",="中信亞太高股息","國外成分證券指數股票型基金","中國信託優息ETF傘型證券投資信託基金之中國信託亞太高股息ETF證券投資信託基金","CTBC Asia Pacific High Dividend ETF","NYSE 亞太高股息指數","是","不適用","不適用","不適用","不適用","是","00527296","113/11/05","113/11/14","張苡琤","02-2652-6688","台北市南港區經貿二路188號12樓","陳金榮","陳正華","陳正華","黃伊芃","","         24,624,000","第一商業銀行股份有限公司","02-2348-1111","臺北市中正區重慶南路一段30號","",
="00965",="元大航太防衛科技","國外成分證券指數股票型基金","元大全球航太與防衛科技ETF證券投資信託基金","Yuanta Global Aerospace and Defense Technology ETF","NYSE FactSet全球航太與防衛科技指數","是","不適用","不適用","不適用","不適用","是","00527578","113/11/05","113/11/26","李政剛","(02)27175555","臺北市松山區敦化南路1段66號1樓、4樓、5樓及68號2樓之1","劉宗聖","陳沛宇","陳沛宇","林瑞源","","      1,011,492,000","臺灣集中保管結算所股份有限公司","(02)27195805","台北市復興北路363號11樓","",
="00971",="野村美國研發龍頭","國外成分證券指數股票型基金","野村美日ETF傘型證券投資信託基金之美國創新研發龍頭ETF證券投資信託基金","NEXT FUNDS – Nomura US R&D Leaders Select ETF","彭博研發龍頭指數","否","不適用","不適用","不適用","不適用","是","00534206","113/12/26","114/01/09","林怡君","02-8101-5501","台北市信義區信義路五段7號30樓","毛昱文","白曼德","白曼德","賴峰彰","","         84,177,000","彰化商業銀行股份有限公司","02-2536-2951","台北市中山北路二段57 號12 樓","",
="00972",="野村日本動能高息","國外成分證券指數股票型基金","野村美日ETF傘型證券投資信託基金之日本價值動能高息ETF證券投資信託基金","NEXT FUNDS – Nomura Japan Value-creation Momentum Dividend ETF","彭博日本價值動能高息指數","是","不適用","不適用","不適用","不適用","是","00534233","113/12/26","114/01/09","張怡琳","02-8101-5501","台北市信義區信義路五段7號30樓","毛昱文","白曼德","白曼德","賴峰彰","","         28,672,000","彰化商業銀行股份有限公司","02-2536-2951","台北市中山北路二段57 號12 樓","",
